-- host
INSERT INTO host (id, username, bank, account, contact_from, contact_until, created_at, modified_at)
VALUES (1, '호스트1', 'KB국민', '00000000000001', '09:00:00', '18:00:00', CURRENT_TIMESTAMP, CURRENT_TIMESTAMP),
       (2, '호스트2', 'KB국민', '00000000000002', '09:00:00', '18:00:00', CURRENT_TIMESTAMP, CURRENT_TIMESTAMP);

-- stage
INSERT INTO address (id, zipcode, state, city, street_address, detail, latitude, longitude)
VALUES (1, '00000', '경기도', '수원시 장안구', '율전로', '상세주소', 37.286, 127.019),
       (2, '00001', '경기도', '수원시 장안구', '율전로', '상세주소', 37.286, 127.019),
       (3, '00002', '서울특별시', '마포구', '홍대로', '상세주소', 37.550, 126.920),
       (4, '00003', '서울특별시', '강남구', '테헤란로', '상세주소', 37.498, 127.027),
       (5, '00004', '부산광역시', '해운대구', '해운대로', '상세주소', 35.163, 129.163),
       (6, '00005', '인천광역시', '연수구', '송도로', '상세주소', 37.382, 126.656),
       (7, '00006', '대구광역시', '중구', '동성로', '상세주소', 35.868, 128.596),
       (8, '00007', '광주광역시', '동구', '충장로', '상세주소', 35.147, 126.919),
       (9, '00008', '대전광역시', '서구', '둔산로', '상세주소', 36.351, 127.385),
       (10, '00009', '울산광역시', '남구', '삼산로', '상세주소', 35.538, 129.311),
       (11, '00010', '제주특별자치도', '제주시', '제주로', '상세주소', 33.499, 126.531),
       (12, '00011', '경상북도', '포항시', '포항로', '상세주소', 36.019, 129.343),
       (13, '00012', '경기도', '수원시 장안구', '율전로', '상세주소', 37.286, 127.019),
       (14, '00013', '경기도', '수원시 장안구', '율전로', '상세주소', 37.286, 127.019),
       (15, '00014', '서울특별시', '마포구', '홍대로', '상세주소', 37.550, 126.920),
       (16, '00015', '서울특별시', '강남구', '테헤란로', '상세주소', 37.498, 127.027),
       (17, '00016', '부산광역시', '해운대구', '해운대로', '상세주소', 35.163, 129.163),
       (18, '00017', '인천광역시', '연수구', '송도로', '상세주소', 37.382, 126.656),
       (19, '00018', '대구광역시', '중구', '동성로', '상세주소', 35.868, 128.596),
       (20, '00019', '광주광역시', '동구', '충장로', '상세주소', 35.147, 126.919),
       (21, '00020', '대전광역시', '서구', '둔산로', '상세주소', 36.351, 127.385),
       (22, '00021', '울산광역시', '남구', '삼산로', '상세주소', 35.538, 129.311),
       (23, '00022', '제주특별자치도', '제주시', '제주로', '상세주소', 33.499, 126.531),
       (24, '00023', '경상북도', '포항시', '포항로', '상세주소', 36.019, 129.343),
       (25, '00024', '경기도', '수원시 장안구', '율전로', '상세주소', 37.286, 127.019),
       (26, '00025', '경기도', '수원시 장안구', '율전로', '상세주소', 37.286, 127.019),
       (27, '00026', '서울특별시', '마포구', '홍대로', '상세주소', 37.550, 126.920),
       (28, '00027', '서울특별시', '강남구', '테헤란로', '상세주소', 37.498, 127.027),
       (29, '00028', '부산광역시', '해운대구', '해운대로', '상세주소', 35.163, 129.163),
       (30, '00029', '인천광역시', '연수구', '송도로', '상세주소', 37.382, 126.656),
       (31, '00030', '대구광역시', '중구', '동성로', '상세주소', 35.868, 128.596),
       (32, '00031', '광주광역시', '동구', '충장로', '상세주소', 35.147, 126.919),
       (33, '00032', '대전광역시', '서구', '둔산로', '상세주소', 36.351, 127.385),
       (34, '00033', '울산광역시', '남구', '삼산로', '상세주소', 35.538, 129.311),
       (35, '00034', '제주특별자치도', '제주시', '제주로', '상세주소', 33.499, 126.531),
       (36, '00035', '경상북도', '포항시', '포항로', '상세주소', 36.019, 129.343),
       (37, '00036', '경기도', '수원시 장안구', '율전로', '상세주소', 37.286, 127.019),
       (38, '00037', '경기도', '수원시 장안구', '율전로', '상세주소', 37.286, 127.019),
       (39, '00038', '서울특별시', '마포구', '홍대로', '상세주소', 37.550, 126.920),
       (40, '00039', '서울특별시', '강남구', '테헤란로', '상세주소', 37.498, 127.027),
       (41, '00040', '부산광역시', '해운대구', '해운대로', '상세주소', 35.163, 129.163),
       (42, '00041', '인천광역시', '연수구', '송도로', '상세주소', 37.382, 126.656),
       (43, '00042', '대구광역시', '중구', '동성로', '상세주소', 35.868, 128.596),
       (44, '00043', '광주광역시', '동구', '충장로', '상세주소', 35.147, 126.919),
       (45, '00044', '대전광역시', '서구', '둔산로', '상세주소', 36.351, 127.385),
       (46, '00045', '울산광역시', '남구', '삼산로', '상세주소', 35.538, 129.311),
       (47, '00046', '제주특별자치도', '제주시', '제주로', '상세주소', 33.499, 126.531),
       (48, '00047', '경상북도', '포항시', '포항로', '상세주소', 36.019, 129.343),
       (49, '00048', '경기도', '수원시 장안구', '율전로', '상세주소', 37.286, 127.019),
       (50, '00049', '경기도', '수원시 장안구', '율전로', '상세주소', 37.286, 127.019),
       (51, '00050', '서울특별시', '마포구', '홍대로', '상세주소', 37.550, 126.920),
       (52, '00051', '서울특별시', '강남구', '테헤란로', '상세주소', 37.498, 127.027),
       (53, '00052', '부산광역시', '해운대구', '해운대로', '상세주소', 35.163, 129.163),
       (54, '00053', '인천광역시', '연수구', '송도로', '상세주소', 37.382, 126.656),
       (55, '00054', '대구광역시', '중구', '동성로', '상세주소', 35.868, 128.596),
       (56, '00055', '광주광역시', '동구', '충장로', '상세주소', 35.147, 126.919),
       (57, '00056', '대전광역시', '서구', '둔산로', '상세주소', 36.351, 127.385),
       (58, '00057', '울산광역시', '남구', '삼산로', '상세주소', 35.538, 129.311),
       (59, '00058', '제주특별자치도', '제주시', '제주로', '상세주소', 33.499, 126.531),
       (60, '00059', '경상북도', '포항시', '포항로', '상세주소', 36.019, 129.343),
       (61, '00060', '경기도', '수원시 장안구', '율전로', '상세주소', 37.286, 127.019),
       (62, '00061', '경기도', '수원시 장안구', '율전로', '상세주소', 37.286, 127.019),
       (63, '00062', '서울특별시', '마포구', '홍대로', '상세주소', 37.550, 126.920),
       (64, '00063', '서울특별시', '강남구', '테헤란로', '상세주소', 37.498, 127.027),
       (65, '00064', '부산광역시', '해운대구', '해운대로', '상세주소', 35.163, 129.163),
       (66, '00065', '인천광역시', '연수구', '송도로', '상세주소', 37.382, 126.656),
       (67, '00066', '대구광역시', '중구', '동성로', '상세주소', 35.868, 128.596),
       (68, '00067', '광주광역시', '동구', '충장로', '상세주소', 35.147, 126.919),
       (69, '00068', '대전광역시', '서구', '둔산로', '상세주소', 36.351, 127.385),
       (70, '00069', '울산광역시', '남구', '삼산로', '상세주소', 35.538, 129.311),
       (71, '00070', '제주특별자치도', '제주시', '제주로', '상세주소', 33.499, 126.531),
       (72, '00071', '경상북도', '포항시', '포항로', '상세주소', 36.019, 129.343),
       (73, '00072', '경기도', '수원시 장안구', '율전로', '상세주소', 37.286, 127.019),
       (74, '00073', '경기도', '수원시 장안구', '율전로', '상세주소', 37.286, 127.019),
       (75, '00074', '서울특별시', '마포구', '홍대로', '상세주소', 37.550, 126.920),
       (76, '00075', '서울특별시', '강남구', '테헤란로', '상세주소', 37.498, 127.027),
       (77, '00076', '부산광역시', '해운대구', '해운대로', '상세주소', 35.163, 129.163),
       (78, '00077', '인천광역시', '연수구', '송도로', '상세주소', 37.382, 126.656),
       (79, '00078', '대구광역시', '중구', '동성로', '상세주소', 35.868, 128.596),
       (80, '00079', '광주광역시', '동구', '충장로', '상세주소', 35.147, 126.919),
       (81, '00080', '대전광역시', '서구', '둔산로', '상세주소', 36.351, 127.385),
       (82, '00081', '울산광역시', '남구', '삼산로', '상세주소', 35.538, 129.311),
       (83, '00082', '제주특별자치도', '제주시', '제주로', '상세주소', 33.499, 126.531),
       (84, '00083', '경상북도', '포항시', '포항로', '상세주소', 36.019, 129.343),
       (85, '00084', '경기도', '수원시 장안구', '율전로', '상세주소', 37.286, 127.019),
       (86, '00085', '경기도', '수원시 장안구', '율전로', '상세주소', 37.286, 127.019),
       (87, '00086', '서울특별시', '마포구', '홍대로', '상세주소', 37.550, 126.920),
       (88, '00087', '서울특별시', '강남구', '테헤란로', '상세주소', 37.498, 127.027),
       (89, '00088', '부산광역시', '해운대구', '해운대로', '상세주소', 35.163, 129.163),
       (90, '00089', '인천광역시', '연수구', '송도로', '상세주소', 37.382, 126.656),
       (91, '00090', '대구광역시', '중구', '동성로', '상세주소', 35.868, 128.596),
       (92, '00091', '광주광역시', '동구', '충장로', '상세주소', 35.147, 126.919),
       (93, '00092', '대전광역시', '서구', '둔산로', '상세주소', 36.351, 127.385),
       (94, '00093', '울산광역시', '남구', '삼산로', '상세주소', 35.538, 129.311),
       (95, '00094', '제주특별자치도', '제주시', '제주로', '상세주소', 33.499, 126.531),
       (96, '00095', '경상북도', '포항시', '포항로', '상세주소', 36.019, 129.343),
       (97, '00096', '경기도', '수원시 장안구', '율전로', '상세주소', 37.286, 127.019),
       (98, '00097', '경기도', '수원시 장안구', '율전로', '상세주소', 37.286, 127.019),
       (99, '00098', '서울특별시', '마포구', '홍대로', '상세주소', 37.550, 126.920),
       (100, '00099', '서울특별시', '강남구', '테헤란로', '상세주소', 37.498, 127.027);

INSERT INTO stage (id, host_id, title, brn, address_id, view_count, like_count, content, min_capacity, max_capacity, stage_type, stage_width, stage_height, booking_from, booking_until, stage_managing_available, stage_managing_fee, sound_engineering_available, sound_engineering_fee, light_engineering_available, light_engineering_fee, photographing_available, photographing_fee, application_form, cue_sheet_template, cue_sheet_due, parking_capacity, parking_location, free_parking, has_elevator, has_restroom, has_wifi, has_camera_standing, has_waiting_room, has_projector, has_locker, allows_water, allows_drink, allows_food, allows_food_delivery, allows_alcohol, sell_drink, sell_alcohol, created_at, modified_at)
VALUES (1, 1, '스테이지1', '0000000001', 1, 10, 3, '내용', 60, 120, 'RECTANGLE', 8, 5, 2592000000000000, 604800000000000, true, 0, true, 50000, false, null, true, 50000, 'https://docs.google.com/document', 'https://docs.google.com/document', 259200000000000, 2, '건물 뒤편', true, false, true, true, true, false, true, false, true, false, false, false, false, true, false, CURRENT_TIMESTAMP, CURRENT_TIMESTAMP),
       (2, 1, '스테이지2', '0000000002', 2, 10, 3, '내용', 60, 120, 'RECTANGLE', 8, 5, 2592000000000000, 604800000000000, true, 0, true, 50000, false, null, true, 50000, 'https://docs.google.com/document', 'https://docs.google.com/document', 259200000000000, 2, '건물 뒤편', true, false, true, true, true, false, true, false, true, false, false, false, false, true, false, CURRENT_TIMESTAMP, CURRENT_TIMESTAMP),
       (3, 1, '홍대 라이브 스테이지', '0000000003', 3, 15, 5, '홍대 중심에 위치한 라이브 공연장', 40, 100, 'RECTANGLE', 7, 4, 2592000000000000, 604800000000000, true, 0, true, 45000, true, 30000, true, 60000, 'https://docs.google.com/document', 'https://docs.google.com/document', 259200000000000, 3, '건물 지하', false, true, true, true, true, true, true, true, true, true, false, true, false, true, true, CURRENT_TIMESTAMP, CURRENT_TIMESTAMP),
       (4, 1, '강남 아트홀', '0000000004', 4, 20, 8, '강남 중심부 현대적인 공연장', 80, 150, 'T', 10, 10, 2592000000000000, 604800000000000, true, 50000, true, 70000, true, 50000, true, 80000, 'https://docs.google.com/document', 'https://docs.google.com/document', 259200000000000, 5, '건물 주차장', true, true, true, true, true, true, true, true, true, true, true, true, true, true, true, CURRENT_TIMESTAMP, CURRENT_TIMESTAMP),
       (5, 1, '해운대 뮤직스퀘어', '0000000005', 5, 12, 4, '바다가 보이는 공연장', 50, 90, 'RECTANGLE', 9, 6, 2592000000000000, 604800000000000, true, 30000, true, 55000, false, null, true, 40000, 'https://docs.google.com/document', 'https://docs.google.com/document', 259200000000000, 1, '인근 공영주차장', false, false, true, true, false, false, true, true, true, false, false, false, false, false, false, CURRENT_TIMESTAMP, CURRENT_TIMESTAMP),
       (6, 1, '송도 퍼포먼스홀', '0000000006', 6, 25, 10, '최신 시설을 갖춘 복합 공연장', 100, 200, 'RECTANGLE', 12, 8, 2592000000000000, 604800000000000, true, 60000, true, 65000, true, 60000, true, 70000, 'https://docs.google.com/document', 'https://docs.google.com/document', 259200000000000, 8, '지하 주차장', true, true, true, true, true, true, true, true, true, true, true, true, true, true, true, CURRENT_TIMESTAMP, CURRENT_TIMESTAMP),
       (7, 1, '동성로 인디스테이지', '0000000007', 7, 8, 2, '인디 뮤지션을 위한 아늑한 공간', 30, 70, 'T', 6, 6, 2592000000000000, 604800000000000, true, 20000, true, 35000, false, null, true, 30000, 'https://docs.google.com/document', 'https://docs.google.com/document', 259200000000000, 0, '주차 불가', false, false, true, true, false, false, false, true, false, false, false, false, false, false, false, CURRENT_TIMESTAMP, CURRENT_TIMESTAMP),
       (8, 1, '충장로 클래식홀', '0000000008', 8, 18, 7, '클래식 음악에 최적화된 음향 시스템', 70, 140, 'RECTANGLE', 11, 7, 2592000000000000, 604800000000000, true, 40000, true, 75000, true, 55000, true, 65000, 'https://docs.google.com/document', 'https://docs.google.com/document', 259200000000000, 4, '건물 옆 주차장', true, true, true, true, true, true, true, true, true, false, false, false, false, true, false, CURRENT_TIMESTAMP, CURRENT_TIMESTAMP),
       (9, 1, '둔산 재즈클럽', '0000000009', 9, 14, 6, '재즈 공연에 특화된 공간', 45, 85, 'RECTANGLE', 8, 5, 2592000000000000, 604800000000000, true, 25000, true, 40000, true, 35000, true, 45000, 'https://docs.google.com/document', 'https://docs.google.com/document', 259200000000000, 2, '건물 앞', true, false, true, true, true, false, true, true, true, true, true, true, true, true, true, CURRENT_TIMESTAMP, CURRENT_TIMESTAMP),
       (10, 1, '삼산 락스테이지', '0000000010', 10, 22, 9, '록 밴드를 위한 최적의 공간', 90, 180, 'RECTANGLE', 10, 6, 2592000000000000, 604800000000000, true, 45000, true, 60000, true, 50000, true, 55000, 'https://docs.google.com/document', 'https://docs.google.com/document', 259200000000000, 6, '건물 지하 주차장', true, true, true, true, true, true, true, true, true, true, false, true, false, true, true, CURRENT_TIMESTAMP, CURRENT_TIMESTAMP),
       (11, 1, '제주 아일랜드홀', '0000000011', 11, 16, 5, '제주의 자연과 어우러진 공연장', 55, 110, 'T', 9, 9, 2592000000000000, 604800000000000, true, 35000, true, 50000, false, null, true, 60000, 'https://docs.google.com/document', 'https://docs.google.com/document', 259200000000000, 7, '넓은 야외 주차장', true, false, true, true, false, true, false, true, true, true, true, false, false, false, false, CURRENT_TIMESTAMP, CURRENT_TIMESTAMP),
       (12, 1, '포항 어쿠스틱 스테이지', '0000000012', 12, 10, 3, '어쿠스틱 공연에 최적화된 공간', 35, 75, 'RECTANGLE', 7, 5, 2592000000000000, 604800000000000, true, 15000, true, 30000, false, null, true, 35000, 'https://docs.google.com/document', 'https://docs.google.com/document', 259200000000000, 3, '건물 뒤편', true, false, true, true, false, false, true, true, false, false, false, false, false, false, false, CURRENT_TIMESTAMP, CURRENT_TIMESTAMP),
       (13, 1, '수원 아트홀', '0000000013', 13, 20, 8, '아트 전시와 공연이 함께하는 공간', 80, 150, 'T', 10, 10, 2592000000000000, 604800000000000, true, 50000, true, 70000, true, 50000, true, 80000, 'https://docs.google.com/document', 'https://docs.google.com/document', 259200000000000, 5, '건물 주차장', true, true, true, true, true, true, true, true, true, true, true, true, true, true, true, CURRENT_TIMESTAMP, CURRENT_TIMESTAMP),
       (14, 1, '마포 빈티지 스테이지', '0000000014', 14, 25, 10, '빈티지한 분위기의 공연장', 60, 120, 'RECTANGLE', 8, 5, 2592000000000000, 604800000000000, true, 30000, true, 55000, false, null, true, 40000, 'https://docs.google.com/document', 'https://docs.google.com/document', 2592000000000000, 2, '건물 뒤편', true, false, true, true, true, false, true, false, true, false, false, false, false, true, false, CURRENT_TIMESTAMP, CURRENT_TIMESTAMP),
       (15, 1, '강남 현대 스테이지', '0000000015', 15, 30, 12, '현대적인 디자인의 공연장', 100, 200, 'T', 12, 8, 2592000000000000, 604800000000000, true, 60000, true, 65000, true, 60000, true, 70000, 'https://docs.google.com/document', 'https://docs.google.com/document', 2592000000000000, 8, '지하 주차장', true, true, true, true, true, true, true, true, true, true, true, true, true, true, false, CURRENT_TIMESTAMP, CURRENT_TIMESTAMP),
       (16, 1, '해운대 뮤직홀', '0000000016', 16, 18, 7, '바다가 보이는 공연장', 50, 90, 'RECTANGLE', 9, 6, 2592000000000000, 604800000000000, true, 30000, true, 55000, false, null, true, 40000, 'https://docs.google.com/document', 'https://docs.google.com/document', 2592000000000000, 1, '인근 공영주차장', false, false, true, true, false, false, true, true, true, false, false, false, false, false, false, CURRENT_TIMESTAMP, CURRENT_TIMESTAMP),
       (17, 1, '송도 아트홀', '0000000017', 17, 14, 6, '최신 시설을 갖춘 복합 공연장', 70, 140, 'RECTANGLE', 11, 7, 2592000000000000, 604800000000000, true, 40000, true, 75000, true, 55000, true, 65000, 'https://docs.google.com/document', 'https://docs.google.com/document', 2592000000000000, 4, '건물 옆 주차장', true, true, true, true, true, true, true, true, true, true, true, true, true, true, true, CURRENT_TIMESTAMP, CURRENT_TIMESTAMP),
       (18, 1, '동성로 재즈홀', '0000000018', 18, 22, 9, '재즈 공연에 특화된 공간', 45, 85, 'RECTANGLE', 8, 5, 2592000000000000, 604800000000000, true, 25000, true, 40000, true, 35000, true, 45000, 'https://docs.google.com/document', 'https://docs.google.com/document', 2592000000000000, 2, '건물 앞', true, false, true, true, true, false, true, false, true, false, false, false, false, false, false, CURRENT_TIMESTAMP, CURRENT_TIMESTAMP),
       (19, 1, '충장로 락홀', '0000000019', 19, 16, 5, '록 밴드를 위한 최적의 공간', 90, 180, 'RECTANGLE', 10, 6, 2592000000000000, 604800000000000, true, 45000, true, 60000, true, 50000, true, 55000, 'https://docs.google.com/document', 'https://docs.google.com/document', 2592000000000000, 6, '건물 지하 주차장', true, true, true, true, true, true, true, true, true, true, false, true, false, true, true, CURRENT_TIMESTAMP, CURRENT_TIMESTAMP),
       (20, 1, '제주 아트홀', '0000000020', 20, 12, 4, '제주의 자연과 어우러진 공연장', 55, 110, 'T', 9, 9, 2592000000000000, 604800000000000, true, 35000, true, 50000, false, null, true, 60000, 'https://docs.google.com/document', 'https://docs.google.com/document', 2592000000000000, 7, '넓은 야외 주차장', true, false, true, true, false, true, false, true, true, true, true, false, false, false, false, CURRENT_TIMESTAMP, CURRENT_TIMESTAMP),
       (21, 1, '포항 어쿠스틱홀', '0000000021', 21, 10, 3, '어쿠스틱 공연에 최적화된 공간', 35, 75, 'RECTANGLE', 7, 5, 2592000000000000, 604800000000000, true, 15000, true, 30000, false, null, true, 35000, 'https://docs.google.com/document', 'https://docs.google.com/document', 2592000000000000, 3, '건물 뒤편', true, false, true, true, false, false, true, true, false, false, false, false, false, false, false, CURRENT_TIMESTAMP, CURRENT_TIMESTAMP),
       (22, 1, '수원 아트홀', '0000000022', 22, 20, 8, '아트 전시와 공연이 함께하는 공간', 80, 150, 'T', 10, 10, 2592000000000000, 604800000000000, true, 50000, true, 70000, true, 50000, true, 80000, 'https://docs.google.com/document', 'https://docs.google.com/document', 2592000000000000, 5, '건물 주차장', true, true, true, true, true, true, true, true, true, true, true, true, true, true, false, CURRENT_TIMESTAMP, CURRENT_TIMESTAMP),
       (23, 1, '마포 빈티지홀', '0000000023', 23, 25, 10, '빈티지한 분위기의 공연장', 60, 120, 'RECTANGLE', 8, 5, 2592000000000000, 604800000000000, true, 30000, true, 55000, false, null, true, 40000, 'https://docs.google.com/document', 'https://docs.google.com/document', 2592000000000000, 2, '건물 뒤편', true, false, true, true, true, false, true, false, true, false, false, false, false, false, false, CURRENT_TIMESTAMP, CURRENT_TIMESTAMP),
       (24, 1, '강남 현대홀', '0000000024', 24, 30, 12, '현대적인 디자인의 공연장', 100, 200, 'T', 12, 8, 2592000000000000, 604800000000000, true, 60000, true, 65000, true, 60000, true, 70000, 'https://docs.google.com/document', 'https://docs.google.com/document', 2592000000000000, 8, '지하 주차장', true, true, true, true, true, true, true, true, true, true, true, true, true, true, true, CURRENT_TIMESTAMP, CURRENT_TIMESTAMP),
       (25, 1, '해운대 뮤직홀', '0000000025', 25, 18, 7, '바다가 보이는 공연장', 50, 90, 'RECTANGLE', 9, 6, 2592000000000000, 604800000000000, true, 30000, true, 55000, false, null, true, 40000, 'https://docs.google.com/document', 'https://docs.google.com/document', 2592000000000000, 1, '인근 공영주차장', false, false, true, true, false, false, true, true, false, false, false, false, false, false, false, CURRENT_TIMESTAMP, CURRENT_TIMESTAMP),
       (26, 1, '송도 아트홀', '0000000026', 26, 14, 6, '최신 시설을 갖춘 복합 공연장', 70, 140, 'RECTANGLE', 11, 7, 2592000000000000, 604800000000000, true, 40000, true, 75000, true, 55000, true, 65000, 'https://docs.google.com/document', 'https://docs.google.com/document', 2592000000000000, 4, '건물 옆 주차장', true, true, true, true, true, true, true, true, true, true, true, true, true, true, false, CURRENT_TIMESTAMP, CURRENT_TIMESTAMP),
       (27, 1, '동성로 재즈홀', '0000000027', 27, 22, 9, '재즈 공연에 특화된 공간', 45, 85, 'RECTANGLE', 8, 5, 2592000000000000, 604800000000000, true, 25000, true, 40000, true, 35000, true, 45000, 'https://docs.google.com/document', 'https://docs.google.com/document', 2592000000000000, 2, '건물 앞', true, false, true, true, false, false, true, false, false, false, false, false, false, false, false, CURRENT_TIMESTAMP, CURRENT_TIMESTAMP),
       (28, 1, '충장로 락홀', '0000000028', 28, 16, 5, '록 밴드를 위한 최적의 공간', 90, 180, 'RECTANGLE', 10, 6, 2592000000000000, 604800000000000, true, 45000, true, 60000, true, 50000, true, 55000, 'https://docs.google.com/document', 'https://docs.google.com/document', 2592000000000000, 6, '건물 지하 주차장', true, true, true, true, true, true, true, true, true, true, false, true, false, true, true, CURRENT_TIMESTAMP, CURRENT_TIMESTAMP),
       (29, 1, '제주 아트홀', '0000000029', 29, 12, 4, '제주의 자연과 어우러진 공연장', 55, 110, 'T', 9, 9, 2592000000000000, 604800000000000, true, 35000, true, 50000, false, null, true, 60000, 'https://docs.google.com/document', 'https://docs.google.com/document', 2592000000000000, 7, '넓은 야외 주차장', true, false, true, true, false, true, false, true, true, true, true, false, false, false, false, CURRENT_TIMESTAMP, CURRENT_TIMESTAMP),
       (30, 1, '포항 어쿠스틱홀', '0000000030', 30, 10, 3, '어쿠스틱 공연에 최적화된 공간', 35, 75, 'RECTANGLE', 7, 5, 2592000000000000, 604800000000000, true, 15000, true, 30000, false, null, true, 35000, 'https://docs.google.com/document', 'https://docs.google.com/document', 2592000000000000, 3, '건물 뒤편', true, false, true, true, false, false, true, true, false, false, false, false, false, false, false, CURRENT_TIMESTAMP, CURRENT_TIMESTAMP),
       (31, 1, '수원 아트홀', '0000000031', 31, 20, 8, '아트 전시와 공연이 함께하는 공간', 80, 150, 'T', 10, 10, 2592000000000000, 604800000000000, true, 50000, true, 70000, true, 50000, true, 80000, 'https://docs.google.com/document', 'https://docs.google.com/document', 2592000000000000, 5, '건물 주차장', true, true, true, true, true, true, true, true, true, true, true, true, true, true, false, CURRENT_TIMESTAMP, CURRENT_TIMESTAMP),
       (32, 1, '마포 빈티지홀', '0000000032', 32, 25, 10, '빈티지한 분위기의 공연장', 60, 120, 'RECTANGLE', 8, 5, 2592000000000000, 604800000000000, true, 30000, true, 55000, false, null, true, 40000, 'https://docs.google.com/document', 'https://docs.google.com/document', 2592000000000000, 2, '건물 뒤편', true, false, true, true, true, false, true, false, true, false, false, false, false, false, false, CURRENT_TIMESTAMP, CURRENT_TIMESTAMP),
       (33, 1, '강남 현대홀', '0000000033', 33, 30, 12, '현대적인 디자인의 공연장', 100, 200, 'T', 12, 8, 2592000000000000, 604800000000000, true, 60000, true, 65000, true, 60000, true, 70000, 'https://docs.google.com/document', 'https://docs.google.com/document', 2592000000000000, 8, '지하 주차장', true, true, true, true, true, true, true, true, true, true, true, true, true, true, false, CURRENT_TIMESTAMP, CURRENT_TIMESTAMP),
       (34, 1, '해운대 뮤직홀', '0000000034', 34, 18, 7, '바다가 보이는 공연장', 50, 90, 'RECTANGLE', 9, 6, 2592000000000000, 604800000000000, true, 30000, true, 55000, false, null, true, 40000, 'https://docs.google.com/document', 'https://docs.google.com/document', 2592000000000000, 1, '인근 공영주차장', false, false, true, true, false, false, true, true, false, false, false, false, false, false, false, CURRENT_TIMESTAMP, CURRENT_TIMESTAMP),
       (35, 1, '송도 아트홀', '0000000035', 35, 14, 6, '최신 시설을 갖춘 복합 공연장', 70, 140, 'RECTANGLE', 11, 7, 2592000000000000, 604800000000000, true, 40000, true, 75000, true, 55000, true, 65000, 'https://docs.google.com/document', 'https://docs.google.com/document', 2592000000000000, 4, '건물 옆 주차장', true, true, true, true, true, true, true, true, true, true, true, true, true, true, false, CURRENT_TIMESTAMP, CURRENT_TIMESTAMP),
       (36, 1, '동성로 재즈홀', '0000000036', 36, 22, 9, '재즈 공연에 특화된 공간', 45, 85, 'RECTANGLE', 8, 5, 2592000000000000, 604800000000000, true, 25000, true, 40000, true, 35000, true, 45000, 'https://docs.google.com/document', 'https://docs.google.com/document', 2592000000000000, 2, '건물 앞', true, false, true, true, false, false, true, false, false, false, false, false, false, false, false, CURRENT_TIMESTAMP, CURRENT_TIMESTAMP),
       (37, 1, '충장로 락홀', '0000000037', 37, 16, 5, '록 밴드를 위한 최적의 공간', 90, 180, 'RECTANGLE', 10, 6, 2592000000000000, 604800000000000, true, 45000, true, 60000, true, 50000, true, 55000, 'https://docs.google.com/document', 'https://docs.google.com/document', 2592000000000000, 6, '건물 지하 주차장', true, true, true, true, true, true, true, true, true, true, false, true, false, true, true, CURRENT_TIMESTAMP, CURRENT_TIMESTAMP),
       (38, 1, '제주 아트홀', '0000000038', 38, 12, 4, '제주의 자연과 어우러진 공연장', 55, 110, 'T', 9, 9, 2592000000000000, 604800000000000, true, 35000, true, 50000, false, null, true, 60000, 'https://docs.google.com/document', 'https://docs.google.com/document', 2592000000000000, 7, '넓은 야외 주차장', true, false, true, true, false, true, false, true, true, true, true, false, false, false, false, CURRENT_TIMESTAMP, CURRENT_TIMESTAMP),
       (39, 1, '포항 어쿠스틱홀', '0000000039', 39, 10, 3, '어쿠스틱 공연에 최적화된 공간', 35, 75, 'RECTANGLE', 7, 5, 2592000000000000, 604800000000000, true, 15000, true, 30000, false, null, true, 35000, 'https://docs.google.com/document', 'https://docs.google.com/document', 2592000000000000, 3, '건물 뒤편', true, false, true, true, false, false, true, true, false, false, false, false, false, false, false, CURRENT_TIMESTAMP, CURRENT_TIMESTAMP),
       (40, 1, '수원 아트홀', '0000000040', 40, 20, 8, '아트 전시와 공연이 함께하는 공간', 80, 150, 'T', 10, 10, 2592000000000000, 604800000000000, true, 50000, true, 70000, true, 50000, true, 80000, 'https://docs.google.com/document', 'https://docs.google.com/document', 2592000000000000, 5, '건물 주차장', true, true, true, true, true, true, true, true, true, true, true, true, true, true, false, CURRENT_TIMESTAMP, CURRENT_TIMESTAMP),
       (41, 1, '마포 빈티지홀', '0000000041', 41, 25, 10, '빈티지한 분위기의 공연장', 60, 120, 'RECTANGLE', 8, 5, 2592000000000000, 604800000000000, true, 30000, true, 55000, false, null, true, 40000, 'https://docs.google.com/document', 'https://docs.google.com/document', 2592000000000000, 2, '건물 뒤편', true, false, true, true, true, false, true, false, true, false, false, false, false, false, false, CURRENT_TIMESTAMP, CURRENT_TIMESTAMP),
       (42, 1, '강남 현대홀', '0000000042', 42, 30, 12, '현대적인 디자인의 공연장', 100, 200, 'T', 12, 8, 2592000000000000, 604800000000000, true, 60000, true, 65000, true, 60000, true, 70000, 'https://docs.google.com/document', 'https://docs.google.com/document', 2592000000000000, 8, '지하 주차장', true, true, true, true, true, true, true, true, true, true, true, true, true, false, false, CURRENT_TIMESTAMP, CURRENT_TIMESTAMP),
       (43, 1, '해운대 뮤직홀', '0000000043', 43, 18, 7, '바다가 보이는 공연장', 50, 90, 'RECTANGLE', 9, 6, 2592000000000000, 604800000000000, true, 30000, true, 55000, false, null, true, 40000, 'https://docs.google.com/document', 'https://docs.google.com/document', 2592000000000000, 1, '인근 공영주차장', false, false, true, true, false, false, true, false, false, false, false, false, false, false, false, CURRENT_TIMESTAMP, CURRENT_TIMESTAMP),
       (44, 1, '송도 아트홀', '0000000044', 44, 14, 6, '최신 시설을 갖춘 복합 공연장', 70, 140, 'RECTANGLE', 11, 7, 2592000000000000, 604800000000000, true, 40000, true, 75000, true, 55000, true, 65000, 'https://docs.google.com/document', 'https://docs.google.com/document', 2592000000000000, 4, '건물 옆 주차장', true, true, true, true, true, true, true, true, true, true, true, true, true, false, false, CURRENT_TIMESTAMP, CURRENT_TIMESTAMP),
       (45, 1, '동성로 재즈홀', '0000000045', 45, 22, 9, '재즈 공연에 특화된 공간', 45, 85, 'RECTANGLE', 8, 5, 2592000000000000, 604800000000000, true, 25000, true, 40000, true, 35000, true, 45000, 'https://docs.google.com/document', 'https://docs.google.com/document', 2592000000000000, 2, '건물 앞', true, false, true, true, false, false, true, false, false, false, false, false, false, false, false, CURRENT_TIMESTAMP, CURRENT_TIMESTAMP),
       (46, 1, '충장로 락홀', '0000000046', 46, 16, 5, '록 밴드를 위한 최적의 공간', 90, 180, 'RECTANGLE', 10, 6, 2592000000000000, 604800000000000, true, 45000, true, 60000, true, 50000, true, 55000, 'https://docs.google.com/document', 'https://docs.google.com/document', 2592000000000000, 6, '건물 지하 주차장', true, true, true, true, true, true, true, true, true, true, true, true, true, false, false, CURRENT_TIMESTAMP, CURRENT_TIMESTAMP),
       (47, 1, '제주 아트홀', '0000000047', 47, 12, 4, '제주의 자연과 어우러진 공연장', 55, 110, 'T', 9, 9, 2592000000000000, 604800000000000, true, 35000, true, 50000, false, null, true, 60000, 'https://docs.google.com/document', 'https://docs.google.com/document', 2592000000000000, 7, '넓은 야외 주차장', true, false, true, true, false, false, true, false, true, false, true, false, false, false, false, CURRENT_TIMESTAMP, CURRENT_TIMESTAMP),
       (48, 1, '포항 어쿠스틱홀', '0000000048', 48, 10, 3, '어쿠스틱 공연에 최적화된 공간', 35, 75, 'RECTANGLE', 7, 5, 2592000000000000, 604800000000000, true, 15000, true, 30000, false, null, true, 35000, 'https://docs.google.com/document', 'https://docs.google.com/document', 2592000000000000, 3, '건물 뒤편', true, false, true, true, false, false, true, true, false, false, false, false, false, false, false, CURRENT_TIMESTAMP, CURRENT_TIMESTAMP),
       (49, 1, '수원 아트홀', '0000000049', 49, 20, 8, '아트 전시와 공연이 함께하는 공간', 80, 150, 'T', 10, 10, 2592000000000000, 604800000000000, true, 50000, true, 70000, true, 50000, true, 80000, 'https://docs.google.com/document', 'https://docs.google.com/document', 2592000000000000, 5, '건물 주차장', true, true, true, true, true, true, true, true, true, true, true, true, true, false, false, CURRENT_TIMESTAMP, CURRENT_TIMESTAMP),
       (50, 1, '마포 빈티지홀', '0000000050', 50, 25, 10, '빈티지한 분위기의 공연장', 60, 120, 'RECTANGLE', 8, 5, 2592000000000000, 604800000000000, true, 30000, true, 55000, false, null, true, 40000, 'https://docs.google.com/document', 'https://docs.google.com/document', 2592000000000000, 2, '건물 뒤편', true, false, true, true, true, false, true, false, true, false, false, false, false, false, false, CURRENT_TIMESTAMP, CURRENT_TIMESTAMP),
       (51, 2, '강남 현대홀', '0000000051', 51, 30, 12, '현대적인 디자인의 공연장', 100, 200, 'T', 12, 8, 2592000000000000, 604800000000000, true, 60000, true, 65000, true, 60000, true, 70000, 'https://docs.google.com/document', 'https://docs.google.com/document', 2592000000000000, 8, '지하 주차장', true, true, true, true, true, true, true, true, true, true, true, true, true, false, false, CURRENT_TIMESTAMP, CURRENT_TIMESTAMP),
       (52, 2, '해운대 뮤직홀', '0000000052', 52, 18, 7, '바다가 보이는 공연장', 50, 90, 'RECTANGLE', 9, 6, 2592000000000000, 604800000000000, true, 30000, true, 55000, false, null, true, 40000, 'https://docs.google.com/document', 'https://docs.google.com/document', 2592000000000000, 1, '인근 공영주차장', false, false, true, true, false, false, true, false, false, false, false, false, false, false, false, CURRENT_TIMESTAMP, CURRENT_TIMESTAMP),
       (53, 2, '송도 아트홀', '0000000053', 53, 14, 6, '최신 시설을 갖춘 복합 공연장', 70, 140, 'RECTANGLE', 11, 7, 2592000000000000, 604800000000000, true, 40000, true, 75000, true, 55000, true, 65000, 'https://docs.google.com/document', 'https://docs.google.com/document', 2592000000000000, 4, '건물 옆 주차장', true, true, true, true, true, true, true, true, true, true, true, true, true, false, false, CURRENT_TIMESTAMP, CURRENT_TIMESTAMP),
       (54, 2, '동성로 재즈홀', '0000000054', 54, 22, 9, '재즈 공연에 특화된 공간', 45, 85, 'RECTANGLE', 8, 5, 2592000000000000, 604800000000000, true, 25000, true, 40000, true, 35000, true, 45000, 'https://docs.google.com/document', 'https://docs.google.com/document', 2592000000000000, 2, '건물 앞', true, false, true, true, false, false, true, false, false, false, false, false, false, false, false, CURRENT_TIMESTAMP, CURRENT_TIMESTAMP),
       (55, 2, '충장로 락홀', '0000000055', 55, 16, 5, '록 밴드를 위한 최적의 공간', 90, 180, 'RECTANGLE', 10, 6, 2592000000000000, 604800000000000, true, 45000, true, 60000, true, 50000, true, 55000, 'https://docs.google.com/document', 'https://docs.google.com/document', 2592000000000000, 6, '건물 지하 주차장', true, true, true, true, true, true, true, true, true, true, true, true, true, false, false, CURRENT_TIMESTAMP, CURRENT_TIMESTAMP),
       (56, 2, '제주 아트홀', '0000000056', 56, 12, 4, '제주의 자연과 어우러진 공연장', 55, 110, 'T', 9, 9, 2592000000000000, 604800000000000, true, 35000, true, 50000, false, null, true, 60000, 'https://docs.google.com/document', 'https://docs.google.com/document', 2592000000000000, 7, '넓은 야외 주차장', true, false, true, true, false, false, true, false, true, false, true, false, false, false, false, CURRENT_TIMESTAMP, CURRENT_TIMESTAMP),
       (57, 2, '포항 어쿠스틱홀', '0000000057', 57, 10, 3, '어쿠스틱 공연에 최적화된 공간', 35, 75, 'RECTANGLE', 7, 5, 2592000000000000, 604800000000000, true, 15000, true, 30000, false, null, true, 35000, 'https://docs.google.com/document', 'https://docs.google.com/document', 2592000000000000, 3, '건물 뒤편', true, false, true, true, false, false, true, true, false, false, false, false, false, false, false, CURRENT_TIMESTAMP, CURRENT_TIMESTAMP),
       (58, 2, '수원 아트홀', '0000000058', 58, 20, 8, '아트 전시와 공연이 함께하는 공간', 80, 150, 'T', 10, 10, 2592000000000000, 604800000000000, true, 50000, true, 70000, true, 50000, true, 80000, 'https://docs.google.com/document', 'https://docs.google.com/document', 2592000000000000, 5, '건물 주차장', true, true, true, true, true, true, true, true, true, true, true, true, true, false, false, CURRENT_TIMESTAMP, CURRENT_TIMESTAMP),
       (59, 2, '마포 빈티지홀', '0000000059', 59, 25, 10, '빈티지한 분위기의 공연장', 60, 120, 'RECTANGLE', 8, 5, 2592000000000000, 604800000000000, true, 30000, true, 55000, false, null, true, 40000, 'https://docs.google.com/document', 'https://docs.google.com/document', 2592000000000000, 2, '건물 뒤편', true, false, true, true, true, false, true, false, true, false, false, false, false, false, false, CURRENT_TIMESTAMP, CURRENT_TIMESTAMP),
       (60, 2, '강남 현대홀', '0000000060', 60, 30, 12, '현대적인 디자인의 공연장', 100, 200, 'T', 12, 8, 2592000000000000, 604800000000000, true, 60000, true, 65000, true, 60000, true, 70000, 'https://docs.google.com/document', 'https://docs.google.com/document', 2592000000000000, 8, '지하 주차장', true, true, true, true, true, true, true, true, true, true, true, true, true, false, false, CURRENT_TIMESTAMP, CURRENT_TIMESTAMP),
       (61, 2, '해운대 뮤직홀', '0000000061', 61, 18, 7, '바다가 보이는 공연장', 50, 90, 'RECTANGLE', 9, 6, 2592000000000000, 604800000000000, true, 30000, true, 55000, false, null, true, 40000, 'https://docs.google.com/document', 'https://docs.google.com/document', 2592000000000000, 1, '인근 공영주차장', false, false, true, true, false, false, true, false, false, false, false, false, false, false, false, CURRENT_TIMESTAMP, CURRENT_TIMESTAMP),
       (62, 2, '송도 아트홀', '0000000062', 62, 14, 6, '최신 시설을 갖춘 복합 공연장', 70, 140, 'RECTANGLE', 11, 7, 2592000000000000, 604800000000000, true, 40000, true, 75000, true, 55000, true, 65000, 'https://docs.google.com/document', 'https://docs.google.com/document', 2592000000000000, 4, '건물 옆 주차장', true, true, true, true, true, true, true, true, true, true, true, true, true, false, false, CURRENT_TIMESTAMP, CURRENT_TIMESTAMP),
       (63, 2, '동성로 재즈홀', '0000000063', 63, 22, 9, '재즈 공연에 특화된 공간', 45, 85, 'RECTANGLE', 8, 5, 2592000000000000, 604800000000000, true, 25000, true, 40000, true, 35000, true, 45000, 'https://docs.google.com/document', 'https://docs.google.com/document', 2592000000000000, 2, '건물 앞', true, false, true, true, false, false, true, false, false, false, false, false, false, false, false, CURRENT_TIMESTAMP, CURRENT_TIMESTAMP),
       (64, 2, '충장로 락홀', '0000000064', 64, 16, 5, '록 밴드를 위한 최적의 공간', 90, 180, 'RECTANGLE', 10, 6, 2592000000000000, 604800000000000, true, 45000, true, 60000, true, 50000, true, 55000, 'https://docs.google.com/document', 'https://docs.google.com/document', 2592000000000000, 6, '건물 지하 주차장', true, true, true, true, true, true, true, true, true, true, true, true, true, false, false, CURRENT_TIMESTAMP, CURRENT_TIMESTAMP),
       (65, 2, '제주 아트홀', '0000000065', 65, 12, 4, '제주의 자연과 어우러진 공연장', 55, 110, 'T', 9, 9, 2592000000000000, 604800000000000, true, 35000, true, 50000, false, null, true, 60000, 'https://docs.google.com/document', 'https://docs.google.com/document', 2592000000000000, 7, '넓은 야외 주차장', true, false, true, true, false, false, true, false, false, false, false, false, false, false, false, CURRENT_TIMESTAMP, CURRENT_TIMESTAMP),
       (66, 2, '포항 어쿠스틱홀', '0000000066', 66, 10, 3, '어쿠스틱 공연에 최적화된 공간', 35, 75, 'RECTANGLE', 7, 5, 2592000000000000, 604800000000000, true, 15000, true, 30000, false, null, true, 35000, 'https://docs.google.com/document', 'https://docs.google.com/document', 2592000000000000, 3, '건물 뒤편', true, false, true, true, false, false, true, true, false, false, false, false, false, false, false, CURRENT_TIMESTAMP, CURRENT_TIMESTAMP),
       (67, 2, '수원 아트홀', '0000000067', 67, 20, 8, '아트 전시와 공연이 함께하는 공간', 80, 150, 'T', 10, 10, 2592000000000000, 604800000000000, true, 50000, true, 70000, true, 50000, true, 80000, 'https://docs.google.com/document', 'https://docs.google.com/document', 2592000000000000, 5, '건물 주차장', true, true, true, true, true, true, true, true, true, true, true, true, true, false, false, CURRENT_TIMESTAMP, CURRENT_TIMESTAMP),
       (68, 2, '마포 빈티지홀', '0000000068', 68, 25, 10, '빈티지한 분위기의 공연장', 60, 120, 'RECTANGLE', 8, 5, 2592000000000000, 604800000000000, true, 30000, true, 55000, false, null, true, 40000, 'https://docs.google.com/document', 'https://docs.google.com/document', 2592000000000000, 2, '건물 뒤편', true, false, true, true, true, false, true, false, false, false, false, false, false, false, false, CURRENT_TIMESTAMP, CURRENT_TIMESTAMP),
       (69, 2, '강남 현대홀', '0000000069', 69, 30, 12, '현대적인 디자인의 공연장', 100, 200, 'T', 12, 8, 2592000000000000, 604800000000000, true, 60000, true, 65000, true, 60000, true, 70000, 'https://docs.google.com/document', 'https://docs.google.com/document', 2592000000000000, 8, '지하 주차장', true, true, true, true, true, true, true, true, true, true, true, true, true, false, false, CURRENT_TIMESTAMP, CURRENT_TIMESTAMP),
       (70, 2, '해운대 뮤직홀', '0000000070', 70, 18, 7, '바다가 보이는 공연장', 50, 90, 'RECTANGLE', 9, 6, 2592000000000000, 604800000000000, true, 30000, true, 55000, false, null, true, 40000, 'https://docs.google.com/document', 'https://docs.google.com/document', 2592000000000000, 1, '인근 공영주차장', false, false, true, true, false, false, true, false, false, false, false, false, false, false, false, CURRENT_TIMESTAMP, CURRENT_TIMESTAMP),
       (71, 2, '송도 아트홀', '0000000071', 71, 14, 6, '최신 시설을 갖춘 복합 공연장', 70, 140, 'RECTANGLE', 11, 7, 2592000000000000, 604800000000000, true, 40000, true, 75000, true, 55000, true, 65000, 'https://docs.google.com/document', 'https://docs.google.com/document', 2592000000000000, 4, '건물 옆 주차장', true, true, true, true, true, true, true, true, true, true, true, true, true, false, false, CURRENT_TIMESTAMP, CURRENT_TIMESTAMP),
       (72, 2, '동성로 재즈홀', '0000000072', 72, 22, 9, '재즈 공연에 특화된 공간', 45, 85, 'RECTANGLE', 8, 5, 2592000000000000, 604800000000000, true, 25000, true, 40000, true, 35000, true, 45000, 'https://docs.google.com/document', 'https://docs.google.com/document', 2592000000000000, 2, '건물 앞', true, false, true, true, false, false, true, false, false, false, false, false, false, false, false, CURRENT_TIMESTAMP, CURRENT_TIMESTAMP),
       (73, 2, '충장로 락홀', '0000000073', 73, 16, 5, '록 밴드를 위한 최적의 공간', 90, 180, 'RECTANGLE', 10, 6, 2592000000000000, 604800000000000, true, 45000, true, 60000, true, 50000, true, 55000, 'https://docs.google.com/document', 'https://docs.google.com/document', 2592000000000000, 6, '건물 지하 주차장', true, true, true, true, true, true, true, true, true, true, true, true, true, false, false, CURRENT_TIMESTAMP, CURRENT_TIMESTAMP),
       (74, 2, '제주 아트홀', '0000000074', 74, 12, 4, '제주의 자연과 어우러진 공연장', 55, 110, 'T', 9, 9, 2592000000000000, 604800000000000, true, 35000, true, 50000, false, null, true, 60000, 'https://docs.google.com/document', 'https://docs.google.com/document', 2592000000000000, 7, '넓은 야외 주차장', true, false, true, true, false, false, true, false, false, false, false, false, false, false, false, CURRENT_TIMESTAMP, CURRENT_TIMESTAMP),
       (75, 2, '포항 어쿠스틱홀', '0000000075', 75, 10, 3, '어쿠스틱 공연에 최적화된 공간', 35, 75, 'RECTANGLE', 7, 5, 2592000000000000, 604800000000000, true, 15000, true, 30000, false, null, true, 35000, 'https://docs.google.com/document', 'https://docs.google.com/document', 2592000000000000, 3, '건물 뒤편', true, false, true, true, false, false, true, true, false, false, false, false, false, false, false, CURRENT_TIMESTAMP, CURRENT_TIMESTAMP),
       (76, 2, '수원 아트홀', '0000000076', 76, 20, 8, '아트 전시와 공연이 함께하는 공간', 80, 150, 'T', 10, 10, 2592000000000000, 604800000000000, true, 50000, true, 70000, true, 50000, true, 80000, 'https://docs.google.com/document', 'https://docs.google.com/document', 2592000000000000, 5, '건물 주차장', true, true, true, true, true, true, true, true, true, true, true, true, true, false, false, CURRENT_TIMESTAMP, CURRENT_TIMESTAMP),
       (77, 2, '마포 빈티지홀', '0000000077', 77, 25, 10, '빈티지한 분위기의 공연장', 60, 120, 'RECTANGLE', 8, 5, 2592000000000000, 604800000000000, true, 30000, true, 55000, false, null, true, 40000, 'https://docs.google.com/document', 'https://docs.google.com/document', 2592000000000000, 2, '건물 뒤편', true, false, true, true, true, false, true, false, false, false, false, false, false, false, false, CURRENT_TIMESTAMP, CURRENT_TIMESTAMP),
       (78, 2, '강남 현대홀', '0000000078', 78, 30, 12, '현대적인 디자인의 공연장', 100, 200, 'T', 12, 8, 2592000000000000, 604800000000000, true, 60000, true, 65000, true, 60000, true, 70000, 'https://docs.google.com/document', 'https://docs.google.com/document', 2592000000000000, 8, '지하 주차장', true, true, true, true, true, true, true, true, true, true, true, true, true, false, false, CURRENT_TIMESTAMP, CURRENT_TIMESTAMP),
       (79, 2, '해운대 뮤직홀', '0000000079', 79, 18, 7, '바다가 보이는 공연장', 50, 90, 'RECTANGLE', 9, 6, 2592000000000000, 604800000000000, true, 30000, true, 55000, false, null, true, 40000, 'https://docs.google.com/document', 'https://docs.google.com/document', 2592000000000000, 1, '인근 공영주차장', false, false, true, true, false, false, true, false, false, false, false, false, false, false, false, CURRENT_TIMESTAMP, CURRENT_TIMESTAMP),
       (80, 2, '송도 아트홀', '0000000080', 80, 14, 6, '최신 시설을 갖춘 복합 공연장', 70, 140, 'RECTANGLE', 11, 7, 2592000000000000, 604800000000000, true, 40000, true, 75000, true, 55000, true, 65000, 'https://docs.google.com/document', 'https://docs.google.com/document', 2592000000000000, 4, '건물 옆 주차장', true, true, true, true, true, true, true, true, true, true, true, true, true, false, false, CURRENT_TIMESTAMP, CURRENT_TIMESTAMP),
       (81, 2, '동성로 재즈홀', '0000000081', 81, 22, 9, '재즈 공연에 특화된 공간', 45, 85, 'RECTANGLE', 8, 5, 2592000000000000, 604800000000000, true, 25000, true, 40000, true, 35000, true, 45000, 'https://docs.google.com/document', 'https://docs.google.com/document', 2592000000000000, 2, '건물 앞', true, false, true, true, false, false, true, false, false, false, false, false, false, false, false, CURRENT_TIMESTAMP, CURRENT_TIMESTAMP),
       (82, 2, '충장로 락홀', '0000000082', 82, 16, 5, '록 밴드를 위한 최적의 공간', 90, 180, 'RECTANGLE', 10, 6, 2592000000000000, 604800000000000, true, 45000, true, 60000, true, 50000, true, 55000, 'https://docs.google.com/document', 'https://docs.google.com/document', 2592000000000000, 6, '건물 지하 주차장', true, true, true, true, true, true, true, true, true, true, true, true, true, false, false, CURRENT_TIMESTAMP, CURRENT_TIMESTAMP),
       (83, 2, '제주 아트홀', '0000000083', 83, 12, 4, '제주의 자연과 어우러진 공연장', 55, 110, 'T', 9, 9, 2592000000000000, 604800000000000, true, 35000, true, 50000, false, null, true, 60000, 'https://docs.google.com/document', 'https://docs.google.com/document', 2592000000000000, 7, '넓은 야외 주차장', true, false, true, true, false, false, true, false, true, false, true, false, false, false, false, CURRENT_TIMESTAMP, CURRENT_TIMESTAMP),
       (84, 2, '포항 어쿠스틱홀', '0000000084', 84, 10, 3, '어쿠스틱 공연에 최적화된 공간', 35, 75, 'RECTANGLE', 7, 5, 2592000000000000, 604800000000000, true, 15000, true, 30000, false, null, true, 35000, 'https://docs.google.com/document', 'https://docs.google.com/document', 2592000000000000, 3, '건물 뒤편', true, false, true, true, false, false, true, true, false, false, false, false, false, false, false, CURRENT_TIMESTAMP, CURRENT_TIMESTAMP),
       (85, 2, '수원 아트홀', '0000000085', 85, 20, 8, '아트 전시와 공연이 함께하는 공간', 80, 150, 'T', 10, 10, 2592000000000000, 604800000000000, true, 50000, true, 70000, true, 50000, true, 80000, 'https://docs.google.com/document', 'https://docs.google.com/document', 2592000000000000, 5, '건물 주차장', true, true, true, true, true, true, true, true, true, true, true, true, true, false, false, CURRENT_TIMESTAMP, CURRENT_TIMESTAMP),
       (86, 2, '마포 빈티지홀', '0000000086', 86, 25, 10, '빈티지한 분위기의 공연장', 60, 120, 'RECTANGLE', 8, 5, 2592000000000000, 604800000000000, true, 30000, true, 55000, false, null, true, 40000, 'https://docs.google.com/document', 'https://docs.google.com/document', 2592000000000000, 2, '건물 뒤편', true, false, true, true, true, false, true, false, false, false, false, false, false, false, false, CURRENT_TIMESTAMP, CURRENT_TIMESTAMP),
       (87, 2, '강남 현대홀', '0000000087', 87, 30, 12, '현대적인 디자인의 공연장', 100, 200, 'T', 12, 8, 2592000000000000, 604800000000000, true, 60000, true, 65000, true, 60000, true, 70000, 'https://docs.google.com/document', 'https://docs.google.com/document', 2592000000000000, 8, '지하 주차장', true, true, true, true, true, true, true, true, true, true, true, true, true, false, false, CURRENT_TIMESTAMP, CURRENT_TIMESTAMP),
       (88, 2, '해운대 뮤직홀', '0000000088', 88, 18, 7, '바다가 보이는 공연장', 50, 90, 'RECTANGLE', 9, 6, 2592000000000000, 604800000000000, true, 30000, true, 55000, false, null, true, 40000, 'https://docs.google.com/document', 'https://docs.google.com/document', 2592000000000000, 1, '인근 공영주차장', false, false, true, true, false, false, true, false, false, false, false, false, false, false, false, CURRENT_TIMESTAMP, CURRENT_TIMESTAMP),
       (89, 2, '송도 아트홀', '0000000089', 89, 14, 6, '최신 시설을 갖춘 복합 공연장', 70, 140, 'RECTANGLE', 11, 7, 2592000000000000, 604800000000000, true, 40000, true, 75000, true, 55000, true, 65000, 'https://docs.google.com/document', 'https://docs.google.com/document', 2592000000000000, 4, '건물 옆 주차장', true, true, true, true, true, true, true, true, true, true, true, true, true, false, false, CURRENT_TIMESTAMP, CURRENT_TIMESTAMP),
       (90, 2, '동성로 재즈홀', '0000000090', 90, 22, 9, '재즈 공연에 특화된 공간', 45, 85, 'RECTANGLE', 8, 5, 2592000000000000, 604800000000000, true, 25000, true, 40000, true, 35000, true, 45000, 'https://docs.google.com/document', 'https://docs.google.com/document', 2592000000000000, 2, '건물 앞', true, false, true, true, false, false, true, false, false, false, false, false, false, false, false, CURRENT_TIMESTAMP, CURRENT_TIMESTAMP),
       (91, 2, '충장로 락홀', '0000000091', 91, 16, 5, '록 밴드를 위한 최적의 공간', 90, 180, 'RECTANGLE', 10, 6, 2592000000000000, 604800000000000, true, 45000, true, 60000, true, 50000, true, 55000, 'https://docs.google.com/document', 'https://docs.google.com/document', 2592000000000000, 6, '건물 지하 주차장', true, true, true, true, true, true, true, true, true, true, true, true, true, false, false, CURRENT_TIMESTAMP, CURRENT_TIMESTAMP),
       (92, 2, '제주 아트홀', '0000000092', 92, 12, 4, '제주의 자연과 어우러진 공연장', 55, 110, 'T', 9, 9, 2592000000000000, 604800000000000, true, 35000, true, 50000, false, null, true, 60000, 'https://docs.google.com/document', 'https://docs.google.com/document', 2592000000000000, 7, '넓은 야외 주차장', true, false, true, true, false, false, true, false, true, false, true, false, false, false, false, CURRENT_TIMESTAMP, CURRENT_TIMESTAMP),
       (93, 2, '포항 어쿠스틱홀', '0000000093', 93, 10, 3, '어쿠스틱 공연에 최적화된 공간', 35, 75, 'RECTANGLE', 7, 5, 2592000000000000, 604800000000000, true, 15000, true, 30000, false, null, true, 35000, 'https://docs.google.com/document', 'https://docs.google.com/document', 2592000000000000, 3, '건물 뒤편', true, false, true, true, false, false, true, true, false, false, false, false, false, false, false, CURRENT_TIMESTAMP, CURRENT_TIMESTAMP),
       (94, 2, '수원 아트홀', '0000000094', 94, 20, 8, '아트 전시와 공연이 함께하는 공간', 80, 150, 'T', 10, 10, 2592000000000000, 604800000000000, true, 50000, true, 70000, true, 50000, true, 80000, 'https://docs.google.com/document', 'https://docs.google.com/document', 2592000000000000, 5, '건물 주차장', true, true, true, true, true, true, true, true, true, true, true, true, true, false, false, CURRENT_TIMESTAMP, CURRENT_TIMESTAMP),
       (95, 2, '마포 빈티지홀', '0000000095', 95, 25, 10, '빈티지한 분위기의 공연장', 60, 120, 'RECTANGLE', 8, 5, 2592000000000000, 604800000000000, true, 30000, true, 55000, false, null, true, 40000, 'https://docs.google.com/document', 'https://docs.google.com/document', 2592000000000000, 2, '건물 뒤편', true, false, true, true, true, false, true, false, false, false, false, false, false, false, false, CURRENT_TIMESTAMP, CURRENT_TIMESTAMP),
       (96, 2, '강남 현대홀', '0000000096', 96, 30, 12, '현대적인 디자인의 공연장', 100, 200, 'T', 12, 8, 2592000000000000, 604800000000000, true, 60000, true, 65000, true, 60000, true, 70000, 'https://docs.google.com/document', 'https://docs.google.com/document', 2592000000000000, 8, '지하 주차장', true, true, true, true, true, true, true, true, true, true, true, true, true, false, false, CURRENT_TIMESTAMP, CURRENT_TIMESTAMP),
       (97, 2, '해운대 뮤직홀', '0000000097', 97, 18, 7, '바다가 보이는 공연장', 50, 90, 'RECTANGLE', 9, 6, 2592000000000000, 604800000000000, true, 30000, true, 55000, false, null, true, 40000, 'https://docs.google.com/document', 'https://docs.google.com/document', 2592000000000000, 1, '인근 공영주차장', false, false, true, true, false, false, true, false, false, false, false, false, false, false, false, CURRENT_TIMESTAMP, CURRENT_TIMESTAMP),
       (98, 2, '송도 아트홀', '0000000098', 98, 14, 6, '최신 시설을 갖춘 복합 공연장', 70, 140, 'RECTANGLE', 11, 7, 2592000000000000, 604800000000000, true, 40000, true, 75000, true, 55000, true, 65000, 'https://docs.google.com/document', 'https://docs.google.com/document', 2592000000000000, 4, '건물 옆 주차장', true, true, true, true, true, true, true, true, true, true, true, true, true, false, false, CURRENT_TIMESTAMP, CURRENT_TIMESTAMP),
       (99, 2, '동성로 재즈홀', '0000000099', 99, 22, 9, '재즈 공연에 특화된 공간', 45, 85, 'RECTANGLE', 8, 5, 2592000000000000, 604800000000000, true, 25000, true, 40000, true, 35000, true, 45000, 'https://docs.google.com/document', 'https://docs.google.com/document', 2592000000000000, 2, '건물 앞', true, false, true, true, false, false, true, false, false, false, false, false, false, false, false, CURRENT_TIMESTAMP, CURRENT_TIMESTAMP),
       (100, 2, '충장로 락홀', '0000000100', 100, 16, 5, '록 밴드를 위한 최적의 공간', 90, 180, 'RECTANGLE', 10, 6, 2592000000000000, 604800000000000, true, 45000, true, 60000, true, 50000, true, 55000, 'https://docs.google.com/document', 'https://docs.google.com/document', 2592000000000000, 6, '건물 지하 주차장', true, true, true, true, true, true, true, true, true, true, true, true, true, false, false, CURRENT_TIMESTAMP, CURRENT_TIMESTAMP);

INSERT INTO stage_images (stage_id, images)
VALUES (1, 'https://d3j0mzt56d6iv2.cloudfront.net/images/o/test/poster-1.png'),
       (2, 'https://d3j0mzt56d6iv2.cloudfront.net/images/o/test/poster-2.png'),
       (3, 'https://d3j0mzt56d6iv2.cloudfront.net/images/o/test/poster-3.png'),
       (4, 'https://d3j0mzt56d6iv2.cloudfront.net/images/o/test/poster-1.png'),
       (5, 'https://d3j0mzt56d6iv2.cloudfront.net/images/o/test/poster-2.png'),
       (6, 'https://d3j0mzt56d6iv2.cloudfront.net/images/o/test/poster-3.png'),
       (7, 'https://d3j0mzt56d6iv2.cloudfront.net/images/o/test/poster-1.png'),
       (8, 'https://d3j0mzt56d6iv2.cloudfront.net/images/o/test/poster-2.png'),
       (9, 'https://d3j0mzt56d6iv2.cloudfront.net/images/o/test/poster-3.png'),
       (10, 'https://d3j0mzt56d6iv2.cloudfront.net/images/o/test/poster-1.png'),
       (11, 'https://d3j0mzt56d6iv2.cloudfront.net/images/o/test/poster-2.png'),
       (12, 'https://d3j0mzt56d6iv2.cloudfront.net/images/o/test/poster-3.png'),
       (13, 'https://d3j0mzt56d6iv2.cloudfront.net/images/o/test/poster-1.png'),
       (14, 'https://d3j0mzt56d6iv2.cloudfront.net/images/o/test/poster-2.png'),
       (15, 'https://d3j0mzt56d6iv2.cloudfront.net/images/o/test/poster-3.png'),
       (16, 'https://d3j0mzt56d6iv2.cloudfront.net/images/o/test/poster-1.png'),
       (17, 'https://d3j0mzt56d6iv2.cloudfront.net/images/o/test/poster-2.png'),
       (18, 'https://d3j0mzt56d6iv2.cloudfront.net/images/o/test/poster-3.png'),
       (19, 'https://d3j0mzt56d6iv2.cloudfront.net/images/o/test/poster-1.png'),
       (20, 'https://d3j0mzt56d6iv2.cloudfront.net/images/o/test/poster-2.png'),
       (21, 'https://d3j0mzt56d6iv2.cloudfront.net/images/o/test/poster-3.png'),
       (22, 'https://d3j0mzt56d6iv2.cloudfront.net/images/o/test/poster-1.png'),
       (23, 'https://d3j0mzt56d6iv2.cloudfront.net/images/o/test/poster-2.png'),
       (24, 'https://d3j0mzt56d6iv2.cloudfront.net/images/o/test/poster-3.png'),
       (25, 'https://d3j0mzt56d6iv2.cloudfront.net/images/o/test/poster-1.png'),
       (26, 'https://d3j0mzt56d6iv2.cloudfront.net/images/o/test/poster-2.png'),
       (27, 'https://d3j0mzt56d6iv2.cloudfront.net/images/o/test/poster-3.png'),
       (28, 'https://d3j0mzt56d6iv2.cloudfront.net/images/o/test/poster-1.png'),
       (29, 'https://d3j0mzt56d6iv2.cloudfront.net/images/o/test/poster-2.png'),
       (30, 'https://d3j0mzt56d6iv2.cloudfront.net/images/o/test/poster-3.png'),
       (31, 'https://d3j0mzt56d6iv2.cloudfront.net/images/o/test/poster-1.png'),
       (32, 'https://d3j0mzt56d6iv2.cloudfront.net/images/o/test/poster-2.png'),
       (33, 'https://d3j0mzt56d6iv2.cloudfront.net/images/o/test/poster-3.png'),
       (34, 'https://d3j0mzt56d6iv2.cloudfront.net/images/o/test/poster-1.png'),
       (35, 'https://d3j0mzt56d6iv2.cloudfront.net/images/o/test/poster-2.png'),
       (36, 'https://d3j0mzt56d6iv2.cloudfront.net/images/o/test/poster-3.png'),
       (37, 'https://d3j0mzt56d6iv2.cloudfront.net/images/o/test/poster-1.png'),
       (38, 'https://d3j0mzt56d6iv2.cloudfront.net/images/o/test/poster-2.png'),
       (39, 'https://d3j0mzt56d6iv2.cloudfront.net/images/o/test/poster-3.png'),
       (40, 'https://d3j0mzt56d6iv2.cloudfront.net/images/o/test/poster-1.png'),
       (41, 'https://d3j0mzt56d6iv2.cloudfront.net/images/o/test/poster-2.png'),
       (42, 'https://d3j0mzt56d6iv2.cloudfront.net/images/o/test/poster-3.png'),
       (43, 'https://d3j0mzt56d6iv2.cloudfront.net/images/o/test/poster-1.png'),
       (44, 'https://d3j0mzt56d6iv2.cloudfront.net/images/o/test/poster-2.png'),
       (45, 'https://d3j0mzt56d6iv2.cloudfront.net/images/o/test/poster-3.png'),
       (46, 'https://d3j0mzt56d6iv2.cloudfront.net/images/o/test/poster-1.png'),
       (47, 'https://d3j0mzt56d6iv2.cloudfront.net/images/o/test/poster-2.png'),
       (48, 'https://d3j0mzt56d6iv2.cloudfront.net/images/o/test/poster-3.png'),
       (49, 'https://d3j0mzt56d6iv2.cloudfront.net/images/o/test/poster-1.png'),
       (50, 'https://d3j0mzt56d6iv2.cloudfront.net/images/o/test/poster-2.png'),
       (51, 'https://d3j0mzt56d6iv2.cloudfront.net/images/o/test/poster-3.png'),
       (52, 'https://d3j0mzt56d6iv2.cloudfront.net/images/o/test/poster-1.png'),
       (53, 'https://d3j0mzt56d6iv2.cloudfront.net/images/o/test/poster-2.png'),
       (54, 'https://d3j0mzt56d6iv2.cloudfront.net/images/o/test/poster-3.png'),
       (55, 'https://d3j0mzt56d6iv2.cloudfront.net/images/o/test/poster-1.png'),
       (56, 'https://d3j0mzt56d6iv2.cloudfront.net/images/o/test/poster-2.png'),
       (57, 'https://d3j0mzt56d6iv2.cloudfront.net/images/o/test/poster-3.png'),
       (58, 'https://d3j0mzt56d6iv2.cloudfront.net/images/o/test/poster-1.png'),
       (59, 'https://d3j0mzt56d6iv2.cloudfront.net/images/o/test/poster-2.png'),
       (60, 'https://d3j0mzt56d6iv2.cloudfront.net/images/o/test/poster-3.png'),
       (61, 'https://d3j0mzt56d6iv2.cloudfront.net/images/o/test/poster-1.png'),
       (62, 'https://d3j0mzt56d6iv2.cloudfront.net/images/o/test/poster-2.png'),
       (63, 'https://d3j0mzt56d6iv2.cloudfront.net/images/o/test/poster-3.png'),
       (64, 'https://d3j0mzt56d6iv2.cloudfront.net/images/o/test/poster-1.png'),
       (65, 'https://d3j0mzt56d6iv2.cloudfront.net/images/o/test/poster-2.png'),
       (66, 'https://d3j0mzt56d6iv2.cloudfront.net/images/o/test/poster-3.png'),
       (67, 'https://d3j0mzt56d6iv2.cloudfront.net/images/o/test/poster-1.png'),
       (68, 'https://d3j0mzt56d6iv2.cloudfront.net/images/o/test/poster-2.png'),
       (69, 'https://d3j0mzt56d6iv2.cloudfront.net/images/o/test/poster-3.png'),
       (70, 'https://d3j0mzt56d6iv2.cloudfront.net/images/o/test/poster-1.png'),
       (71, 'https://d3j0mzt56d6iv2.cloudfront.net/images/o/test/poster-2.png'),
       (72, 'https://d3j0mzt56d6iv2.cloudfront.net/images/o/test/poster-3.png'),
       (73, 'https://d3j0mzt56d6iv2.cloudfront.net/images/o/test/poster-1.png'),
       (74, 'https://d3j0mzt56d6iv2.cloudfront.net/images/o/test/poster-2.png'),
       (75, 'https://d3j0mzt56d6iv2.cloudfront.net/images/o/test/poster-3.png'),
       (76, 'https://d3j0mzt56d6iv2.cloudfront.net/images/o/test/poster-1.png'),
       (77, 'https://d3j0mzt56d6iv2.cloudfront.net/images/o/test/poster-2.png'),
       (78, 'https://d3j0mzt56d6iv2.cloudfront.net/images/o/test/poster-3.png'),
       (79, 'https://d3j0mzt56d6iv2.cloudfront.net/images/o/test/poster-1.png'),
       (80, 'https://d3j0mzt56d6iv2.cloudfront.net/images/o/test/poster-2.png'),
       (81, 'https://d3j0mzt56d6iv2.cloudfront.net/images/o/test/poster-3.png'),
       (82, 'https://d3j0mzt56d6iv2.cloudfront.net/images/o/test/poster-1.png'),
       (83, 'https://d3j0mzt56d6iv2.cloudfront.net/images/o/test/poster-2.png'),
       (84, 'https://d3j0mzt56d6iv2.cloudfront.net/images/o/test/poster-3.png'),
       (85, 'https://d3j0mzt56d6iv2.cloudfront.net/images/o/test/poster-1.png'),
       (86, 'https://d3j0mzt56d6iv2.cloudfront.net/images/o/test/poster-2.png'),
       (87, 'https://d3j0mzt56d6iv2.cloudfront.net/images/o/test/poster-3.png'),
       (88, 'https://d3j0mzt56d6iv2.cloudfront.net/images/o/test/poster-1.png'),
       (89, 'https://d3j0mzt56d6iv2.cloudfront.net/images/o/test/poster-2.png'),
       (90, 'https://d3j0mzt56d6iv2.cloudfront.net/images/o/test/poster-3.png'),
       (91, 'https://d3j0mzt56d6iv2.cloudfront.net/images/o/test/poster-1.png'),
       (92, 'https://d3j0mzt56d6iv2.cloudfront.net/images/o/test/poster-2.png'),
       (93, 'https://d3j0mzt56d6iv2.cloudfront.net/images/o/test/poster-3.png'),
       (94, 'https://d3j0mzt56d6iv2.cloudfront.net/images/o/test/poster-1.png'),
       (95, 'https://d3j0mzt56d6iv2.cloudfront.net/images/o/test/poster-2.png'),
       (96, 'https://d3j0mzt56d6iv2.cloudfront.net/images/o/test/poster-3.png'),
       (97, 'https://d3j0mzt56d6iv2.cloudfront.net/images/o/test/poster-1.png'),
       (98, 'https://d3j0mzt56d6iv2.cloudfront.net/images/o/test/poster-2.png'),
       (99, 'https://d3j0mzt56d6iv2.cloudfront.net/images/o/test/poster-3.png'),
       (100, 'https://d3j0mzt56d6iv2.cloudfront.net/images/o/test/poster-1.png');

INSERT INTO stage_tags (stage_id, tags)
VALUES (1, '따뜻한'),
       (1, '세련된'),
       (1, '재즈'),
       (2, '따뜻한'),
       (2, '세련된'),
       (2, '재즈'),
       (3, '활기찬'),
       (3, '인디'),
       (3, '락'),
       (4, '따뜻한'),
       (4, '넓은'),
       (4, '힙합'),
       (5, '아늑한'),
       (5, '재즈'),
       (5, '어쿠스틱'),
       (6, '현대적'),
       (6, '첨단'),
       (6, '따뜻한'),
       (7, '소규모'),
       (7, '빈티지'),
       (7, '포크'),
       (8, '따뜻한'),
       (8, '우아한'),
       (8, '재즈'),
       (9, '세련된'),
       (9, '세련된'),
       (9, '소울'),
       (10, '열정적'),
       (10, '하드코어'),
       (10, '메탈'),
       (11, '자연친화적'),
       (11, '이국적'),
       (11, '빈티지'),
       (12, '아담한'),
       (12, '정겨운'),
       (12, '트로트'),
       (13, '따뜻한'),
       (13, '세련된'),
       (13, '재즈'),
       (14, '따뜻한'),
       (14, '세련된'),
       (14, '재즈'),
       (15, '활기찬'),
       (15, '인디'),
       (15, '락'),
       (16, '따뜻한'),
       (16, '넓은'),
       (16, '힙합'),
       (17, '따뜻한'),
       (17, '세련된'),
       (17, '재즈'),
       (18, '따뜻한'),
       (18, '세련된'),
       (18, '재즈'),
       (19, '활기찬'),
       (19, '인디'),
       (19, '락'),
       (20, '따뜻한'),
       (20, '넓은'),
       (20, '힙합'),
       (21, '아늑한'),
       (21, '재즈'),
       (21, '어쿠스틱'),
       (22, '현대적'),
       (22, '첨단'),
       (22, '따뜻한'),
       (23, '소규모'),
       (23, '빈티지'),
       (23, '포크'),
       (24, '따뜻한'),
       (24, '우아한'),
       (24, '재즈'),
       (25, '세련된'),
       (25, '세련된'),
       (25, '소울'),
       (26, '열정적'),
       (26, '하드코어'),
       (26, '메탈'),
       (27, '자연친화적'),
       (27, '이국적'),
       (27, '빈티지'),
       (28, '아담한'),
       (28, '정겨운'),
       (28, '트로트'),
       (29, '따뜻한'),
       (29, '세련된'),
       (29, '재즈'),
       (30, '따뜻한'),
       (30, '세련된'),
       (30, '재즈'),
       (31, '활기찬'),
       (31, '인디'),
       (31, '락'),
       (32, '따뜻한'),
       (32, '넓은'),
       (32, '힙합'),
       (33, '따뜻한'),
       (33, '세련된'),
       (33, '재즈'),
       (34, '따뜻한'),
       (34, '세련된'),
       (34, '재즈'),
       (35, '활기찬'),
       (35, '인디'),
       (35, '락'),
       (36, '따뜻한'),
       (36, '넓은'),
       (36, '힙합'),
       (37, '아늑한'),
       (37, '재즈'),
       (37, '어쿠스틱'),
       (38, '현대적'),
       (38, '첨단'),
       (38, '따뜻한'),
       (39, '소규모'),
       (39, '빈티지'),
       (39, '포크'),
       (40, '따뜻한'),
       (40, '우아한'),
       (40, '재즈'),
       (41, '세련된'),
       (41, '세련된'),
       (41, '소울'),
       (42, '열정적'),
       (42, '하드코어'),
       (42, '메탈'),
       (43, '자연친화적'),
       (43, '이국적'),
       (43, '빈티지'),
       (44, '아담한'),
       (44, '정겨운'),
       (44, '트로트'),
       (45, '따뜻한'),
       (45, '세련된'),
       (45, '재즈'),
       (46, '따뜻한'),
       (46, '세련된'),
       (46, '재즈'),
       (47, '활기찬'),
       (47, '인디'),
       (47, '락'),
       (48, '따뜻한'),
       (48, '넓은'),
       (48, '힙합'),
       (49, '아늑한'),
       (49, '재즈'),
       (49, '어쿠스틱'),
       (50, '현대적'),
       (50, '첨단'),
       (50, '따뜻한'),
       (51, '소규모'),
       (51, '빈티지'),
       (51, '포크'),
       (52, '따뜻한'),
       (52, '우아한'),
       (52, '재즈'),
       (53, '세련된'),
       (53, '세련된'),
       (53, '소울'),
       (54, '열정적'),
       (54, '하드코어'),
       (54, '메탈'),
       (55, '자연친화적'),
       (55, '이국적'),
       (55, '빈티지'),
       (56, '아담한'),
       (56, '정겨운'),
       (56, '트로트'),
       (57, '따뜻한'),
       (57, '세련된'),
       (57, '재즈'),
       (58, '따뜻한'),
       (58, '세련된'),
       (58, '재즈'),
       (59, '활기찬'),
       (59, '인디'),
       (59, '락'),
       (60, '따뜻한'),
       (60, '넓은'),
       (60, '힙합'),
       (61, '따뜻한'),
       (61, '세련된'),
       (61, '재즈'),
       (62, '따뜻한'),
       (62, '세련된'),
       (62, '재즈'),
       (63, '활기찬'),
       (63, '인디'),
       (63, '락'),
       (64, '따뜻한'),
       (64, '넓은'),
       (64, '힙합'),
       (65, '아늑한'),
       (65, '재즈'),
       (65, '어쿠스틱'),
       (66, '현대적'),
       (66, '첨단'),
       (66, '따뜻한'),
       (67, '소규모'),
       (67, '빈티지'),
       (67, '포크'),
       (68, '따뜻한'),
       (68, '우아한'),
       (68, '재즈'),
       (69, '세련된'),
       (69, '세련된'),
       (69, '소울'),
       (70, '열정적'),
       (70, '하드코어'),
       (70, '메탈'),
       (71, '자연친화적'),
       (71, '이국적'),
       (71, '빈티지'),
       (72, '아담한'),
       (72, '정겨운'),
       (72, '트로트'),
       (73, '따뜻한'),
       (73, '세련된'),
       (73, '재즈'),
       (74, '따뜻한'),
       (74, '세련된'),
       (74, '재즈'),
       (75, '활기찬'),
       (75, '인디'),
       (75, '락'),
       (76, '따뜻한'),
       (76, '넓은'),
       (76, '힙합'),
       (77, '따뜻한'),
       (77, '세련된'),
       (77, '재즈'),
       (78, '따뜻한'),
       (78, '세련된'),
       (78, '재즈'),
       (79, '활기찬'),
       (79, '인디'),
       (79, '락'),
       (80, '따뜻한'),
       (80, '넓은'),
       (80, '힙합'),
       (81, '아늑한'),
       (81, '재즈'),
       (81, '어쿠스틱'),
       (82, '현대적'),
       (82, '첨단'),
       (82, '따뜻한'),
       (83, '소규모'),
       (83, '빈티지'),
       (83, '포크'),
       (84, '따뜻한'),
       (84, '우아한'),
       (84, '재즈'),
       (85, '세련된'),
       (85, '세련된'),
       (85, '소울'),
       (86, '열정적'),
       (86, '하드코어'),
       (86, '메탈'),
       (87, '자연친화적'),
       (87, '이국적'),
       (87, '빈티지'),
       (88, '아담한'),
       (88, '정겨운'),
       (88, '트로트'),
       (89, '따뜻한'),
       (89, '세련된'),
       (89, '재즈'),
       (90, '따뜻한'),
       (90, '세련된'),
       (90, '재즈'),
       (91, '활기찬'),
       (91, '인디'),
       (91, '락'),
       (92, '따뜻한'),
       (92, '넓은'),
       (92, '힙합'),
       (93, '아늑한'),
       (93, '재즈'),
       (93, '어쿠스틱'),
       (94, '현대적'),
       (94, '첨단'),
       (94, '따뜻한'),
       (95, '소규모'),
       (95, '빈티지'),
       (95, '포크'),
       (96, '따뜻한'),
       (96, '우아한'),
       (96, '재즈'),
       (97, '세련된'),
       (97, '세련된'),
       (97, '소울'),
       (98, '열정적'),
       (98, '하드코어'),
       (98, '메탈'),
       (99, '자연친화적'),
       (99, '이국적'),
       (99, '빈티지'),
       (100, '아담한'),
       (100, '정겨운'),
       (100, '트로트');

INSERT INTO stage_links (stage_id, links)
VALUES (1, 'https://www.ontherec.kr'),
       (2, 'https://www.ontherec.kr'),
       (3, 'https://www.ontherec.kr'),
       (4, 'https://www.ontherec.kr'),
       (5, 'https://www.ontherec.kr'),
       (6, 'https://www.ontherec.kr'),
       (7, 'https://www.ontherec.kr'),
       (8, 'https://www.ontherec.kr'),
       (9, 'https://www.ontherec.kr'),
       (10, 'https://www.ontherec.kr'),
       (11, 'https://www.ontherec.kr'),
       (12, 'https://www.ontherec.kr'),
       (13, 'https://www.ontherec.kr'),
       (14, 'https://www.ontherec.kr'),
       (15, 'https://www.ontherec.kr'),
       (16, 'https://www.ontherec.kr'),
       (17, 'https://www.ontherec.kr'),
       (18, 'https://www.ontherec.kr'),
       (19, 'https://www.ontherec.kr'),
       (20, 'https://www.ontherec.kr'),
       (21, 'https://www.ontherec.kr'),
       (22, 'https://www.ontherec.kr'),
       (23, 'https://www.ontherec.kr'),
       (24, 'https://www.ontherec.kr'),
       (25, 'https://www.ontherec.kr'),
       (26, 'https://www.ontherec.kr'),
       (27, 'https://www.ontherec.kr'),
       (28, 'https://www.ontherec.kr'),
       (29, 'https://www.ontherec.kr'),
       (30, 'https://www.ontherec.kr'),
       (31, 'https://www.ontherec.kr'),
       (32, 'https://www.ontherec.kr'),
       (33, 'https://www.ontherec.kr'),
       (34, 'https://www.ontherec.kr'),
       (35, 'https://www.ontherec.kr'),
       (36, 'https://www.ontherec.kr'),
       (37, 'https://www.ontherec.kr'),
       (38, 'https://www.ontherec.kr'),
       (39, 'https://www.ontherec.kr'),
       (40, 'https://www.ontherec.kr'),
       (41, 'https://www.ontherec.kr'),
       (42, 'https://www.ontherec.kr'),
       (43, 'https://www.ontherec.kr'),
       (44, 'https://www.ontherec.kr'),
       (45, 'https://www.ontherec.kr'),
       (46, 'https://www.ontherec.kr'),
       (47, 'https://www.ontherec.kr'),
       (48, 'https://www.ontherec.kr'),
       (49, 'https://www.ontherec.kr'),
       (50, 'https://www.ontherec.kr'),
       (51, 'https://www.ontherec.kr'),
       (52, 'https://www.ontherec.kr'),
       (53, 'https://www.ontherec.kr'),
       (54, 'https://www.ontherec.kr'),
       (55, 'https://www.ontherec.kr'),
       (56, 'https://www.ontherec.kr'),
       (57, 'https://www.ontherec.kr'),
       (58, 'https://www.ontherec.kr'),
       (59, 'https://www.ontherec.kr'),
       (60, 'https://www.ontherec.kr'),
       (61, 'https://www.ontherec.kr'),
       (62, 'https://www.ontherec.kr'),
       (63, 'https://www.ontherec.kr'),
       (64, 'https://www.ontherec.kr'),
       (65, 'https://www.ontherec.kr'),
       (66, 'https://www.ontherec.kr'),
       (67, 'https://www.ontherec.kr'),
       (68, 'https://www.ontherec.kr'),
       (69, 'https://www.ontherec.kr'),
       (70, 'https://www.ontherec.kr'),
       (71, 'https://www.ontherec.kr'),
       (72, 'https://www.ontherec.kr'),
       (73, 'https://www.ontherec.kr'),
       (74, 'https://www.ontherec.kr'),
       (75, 'https://www.ontherec.kr'),
       (76, 'https://www.ontherec.kr'),
       (77, 'https://www.ontherec.kr'),
       (78, 'https://www.ontherec.kr'),
       (79, 'https://www.ontherec.kr'),
       (80, 'https://www.ontherec.kr'),
       (81, 'https://www.ontherec.kr'),
       (82, 'https://www.ontherec.kr'),
       (83, 'https://www.ontherec.kr'),
       (84, 'https://www.ontherec.kr'),
       (85, 'https://www.ontherec.kr'),
       (86, 'https://www.ontherec.kr'),
       (87, 'https://www.ontherec.kr'),
       (88, 'https://www.ontherec.kr'),
       (89, 'https://www.ontherec.kr'),
       (90, 'https://www.ontherec.kr'),
       (91, 'https://www.ontherec.kr'),
       (92, 'https://www.ontherec.kr'),
       (93, 'https://www.ontherec.kr'),
       (94, 'https://www.ontherec.kr'),
       (95, 'https://www.ontherec.kr'),
       (96, 'https://www.ontherec.kr'),
       (97, 'https://www.ontherec.kr'),
       (98, 'https://www.ontherec.kr'),
       (99, 'https://www.ontherec.kr'),
       (100, 'https://www.ontherec.kr');

INSERT INTO stage_holidays (stage_id, holidays)
VALUES (1, '설날'),
       (2, '설날'),
       (3, '성탄절'),
       (4, '추석'),
       (5, '설날'),
       (6, '성탄절'),
       (7, '추석'),
       (8, '광복절'),
       (9, '추석'),
       (10, '성탄절'),
       (11, '설날'),
       (12, '광복절'),
       (13, '추석'),
       (14, '설날'),
       (15, '성탄절'),
       (16, '추석'),
       (17, '광복절'),
       (18, '설날'),
       (19, '성탄절'),
       (20, '추석'),
       (21, '설날'),
       (22, '성탄절'),
       (23, '추석'),
       (24, '광복절'),
       (25, '설날'),
       (26, '성탄절'),
       (27, '추석'),
       (28, '설날'),
       (29, '성탄절'),
       (30, '추석'),
       (31, '광복절'),
       (32, '설날'),
       (33, '성탄절'),
       (34, '추석'),
       (35, '설날'),
       (36, '성탄절'),
       (37, '추석'),
       (38, '광복절'),
       (39, '설날'),
       (40, '성탄절'),
       (41, '추석'),
       (42, '설날'),
       (43, '성탄절'),
       (44, '추석'),
       (45, '광복절'),
       (46, '설날'),
       (47, '성탄절'),
       (48, '추석'),
       (49, '설날'),
       (50, '성탄절'),
       (51, '추석'),
       (52, '광복절'),
       (53, '설날'),
       (54, '성탄절'),
       (55, '추석'),
       (56, '설날'),
       (57, '성탄절'),
       (58, '추석'),
       (59, '광복절'),
       (60, '설날'),
       (61, '성탄절'),
       (62, '추석'),
       (63, '설날'),
       (64, '성탄절'),
       (65, '추석'),
       (66, '광복절'),
       (67, '설날'),
       (68, '성탄절'),
       (69, '추석'),
       (70, '설날'),
       (71, '성탄절'),
       (72, '추석'),
       (73, '광복절'),
       (74, '설날'),
       (75, '성탄절'),
       (76, '추석'),
       (77, '설날'),
       (78, '성탄절'),
       (79, '추석'),
       (80, '광복절'),
       (81, '설날'),
       (82, '성탄절'),
       (83, '추석'),
       (84, '설날'),
       (85, '성탄절'),
       (86, '추석'),
       (87, '광복절'),
       (88, '설날'),
       (89, '성탄절'),
       (90, '추석'),
       (91, '설날'),
       (92, '성탄절'),
       (93, '추석'),
       (94, '광복절'),
       (95, '설날'),
       (96, '성탄절'),
       (97, '추석'),
       (98, '설날'),
       (99, '성탄절'),
       (100, '추석');

INSERT INTO stage_time_block (id, time_blocks_id, dow, start_time, end_time, standard_time, standard_price, extra_per_unit)
VALUES (1, 1, 'MON', '09:00:00', '18:00:00', 10800000000000, 300000, 20000),
       (2, 1, 'MON', '09:00:00', '18:00:00', 10800000000000, 300000, 20000),
       (3, 2, 'TUE', '10:00:00', '20:00:00', 10800000000000, 250000, 15000),
       (4, 2, 'WED', '13:00:00', '22:00:00', 10800000000000, 350000, 25000),
       (5, 3, 'THU', '11:00:00', '19:00:00', 10800000000000, 280000, 18000),
       (6, 3, 'FRI', '14:00:00', '23:00:00', 10800000000000, 400000, 30000),
       (7, 4, 'SAT', '12:00:00', '21:00:00', 10800000000000, 320000, 22000),
       (8, 4, 'SUN', '15:00:00', '22:00:00', 10800000000000, 270000, 17000),
       (9, 5, 'MON', '08:00:00', '17:00:00', 10800000000000, 230000, 14000),
       (10, 5, 'TUE', '16:00:00', '23:59:00', 10800000000000, 380000, 28000),
       (11, 6, 'WED', '09:30:00', '18:30:00', 10800000000000, 290000, 19000),
       (12, 6, 'THU', '13:30:00', '21:30:00', 10800000000000, 310000, 21000),
       (13, 7, 'FRI', '10:30:00', '19:30:00', 10800000000000, 260000, 16000),
       (14, 7, 'SAT', '12:30:00', '20:30:00', 10800000000000, 340000, 24000),
       (15, 8, 'SUN', '11:30:00', '20:30:00', 10800000000000, 330000, 23000),
       (16, 8, 'MON', '14:30:00', '22:30:00', 10800000000000, 300000, 20000),
       (17, 9, 'TUE', '09:30:00', '18:30:00', 10800000000000, 280000, 18000),
       (18, 9, 'WED', '13:30:00', '21:30:00', 10800000000000, 320000, 22000),
       (19, 10, 'THU', '10:30:00', '19:30:00', 10800000000000, 290000, 19000),
       (20, 10, 'FRI', '12:30:00', '20:30:00', 10800000000000, 350000, 25000),
       (21, 11, 'SAT', '11:30:00', '20:30:00', 10800000000000, 310000, 21000),
       (22, 11, 'SUN', '14:30:00', '22:30:00', 10800000000000, 270000, 17000),
       (23, 12, 'MON', '09:30:00', '18:30:00', 1080000000, 2800, 1800),
       (24, 12, 'TUE', '13:30:00', '21:30:00', 1080000000, 3200, 2200),
       (25, 13, 'WED', '10:30:00', '19:30:00', 1080000000, 2900, 1900),
       (26, 13, 'THU', '12:30:00', '20:30:00', 1080000000, 3500, 2500),
       (27, 14, 'FRI', '11:30:00', '20:30:00', 1080000000, 3100, 2100),
       (28, 14, 'SAT', '14:30:00', '22:30:00', 1080000000, 2700, 1700),
       (29, 15, 'SUN', '09:30:00', '18:30:00', 1080000000, 2800, 1800),
       (30, 15, 'MON', '13:30:00', '21:30:00', 1080000000, 3200, 2200),
       (31, 16, 'TUE', '10:30:00', '19:30:00', 1080000000, 2900, 1900),
       (32, 16, 'WED', '12:30:00', '20:30:00', 1080000000, 3500, 2500),
       (33, 17, 'THU', '11:30:00', '20:30:00', 1080000000, 3100, 2100),
       (34, 17, 'FRI', '14:30:00', '22:30:00', 1080000000, 2700, 1700),
       (35, 18, 'SAT', '09:30:00', '18:30:00', 1080000000, 2800, 1800),
       (36, 18, 'SUN', '13:30:00', '21:30:00', 1080000000, 3200, 2200),
       (37, 19, 'MON', '10:30:00', '19:30:00', 1080000000, 2900, 1900),
       (38, 19, 'TUE', '12:30:00', '20:30:00', 1080000000, 3500, 2500),
       (39, 20, 'WED', '11:30:00', '20:30:00', 1080000000, 3100, 2100),
       (40, 20, 'THU', '14:30:00', '22:30:00', 1080000000, 2700, 1700),
       (41, 21, 'FRI', '09:30:00', '18:30:00', 1080000000, 2800, 1800),
       (42, 21, 'SAT', '13:30:00', '21:30:00', 1080000000, 3200, 2200),
       (43, 22, 'SUN', '10:30:00', '19:30:00', 1080000000, 2900, 1900),
       (44, 22, 'MON', '12:30:00', '20:30:00', 1080000000, 3500, 2500),
       (45, 23, 'TUE', '11:30:00', '20:30:00', 1080000000, 3100, 2100),
       (46, 23, 'WED', '14:30:00', '22:30:00', 1080000000, 2700, 1700),
       (47, 24, 'THU', '09:30:00', '18:30:00', 1080000000, 2800, 1800),
       (48, 24, 'FRI', '13:30:00', '21:30:00', 1080000000, 3200, 2200),
       (49, 25, 'SAT', '10:30:00', '19:30:00', 1080000000, 2900, 1900),
       (50, 25, 'SUN', '12:30:00', '20:30:00', 1080000000, 3500, 2500),
       (51, 26, 'MON', '11:30:00', '20:30:00', 1080000000, 3100, 2100),
       (52, 26, 'TUE', '14:30:00', '22:30:00', 1080000000, 2700, 1700),
       (53, 27, 'WED', '09:30:00', '18:30:00', 1080000000, 2800, 1800),
       (54, 27, 'THU', '13:30:00', '21:30:00', 1080000000, 3200, 2200),
       (55, 28, 'FRI', '10:30:00', '19:30:00', 1080000000, 2900, 1900),
       (56, 28, 'SAT', '12:30:00', '20:30:00', 1080000000, 3500, 2500),
       (57, 29, 'SUN', '11:30:00', '20:30:00', 1080000000, 3100, 2100),
       (58, 29, 'MON', '14:30:00', '22:30:00', 1080000000, 2700, 1700),
       (59, 30, 'TUE', '09:30:00', '18:30:00', 1080000000, 2800, 1800),
       (60, 30, 'WED', '13:30:00', '21:30:00', 1080000000, 3200, 2200),
       (61, 31, 'THU', '10:30:00', '19:30:00', 1080000000, 2900, 1900),
       (62, 31, 'FRI', '12:30:00', '20:30:00', 1080000000, 3500, 2500),
       (63, 32, 'SAT', '11:30:00', '20:30:00', 1080000000, 3100, 2100),
       (64, 32, 'SUN', '14:30:00', '22:30:00', 1080000000, 2700, 1700),
       (65, 33, 'MON', '09:30:00', '18:30:00', 1080000000, 2800, 1800),
       (66, 33, 'TUE', '13:30:00', '21:30:00', 1080000000, 3200, 2200),
       (67, 34, 'WED', '10:30:00', '19:30:00', 1080000000, 2900, 1900),
       (68, 34, 'THU', '12:30:00', '20:30:00', 1080000000, 3500, 2500),
       (69, 35, 'FRI', '11:30:00', '20:30:00', 1080000000, 3100, 2100),
       (70, 35, 'SAT', '14:30:00', '22:30:00', 1080000000, 2700, 1700),
       (71, 36, 'SUN', '09:30:00', '18:30:00', 1080000000, 2800, 1800),
       (72, 36, 'MON', '13:30:00', '21:30:00', 1080000000, 3200, 2200),
       (73, 37, 'TUE', '10:30:00', '19:30:00', 1080000000, 2900, 1900),
       (74, 37, 'WED', '12:30:00', '20:30:00', 1080000000, 3500, 2500),
       (75, 38, 'THU', '11:30:00', '20:30:00', 1080000000, 3100, 2100),
       (76, 38, 'FRI', '14:30:00', '22:30:00', 1080000000, 2700, 1700),
       (77, 39, 'SAT', '09:30:00', '18:30:00', 1080000000, 2800, 1800),
       (78, 39, 'SUN', '13:30:00', '21:30:00', 1080000000, 3200, 2200),
       (79, 40, 'MON', '10:30:00', '19:30:00', 1080000000, 2900, 1900),
       (80, 40, 'TUE', '12:30:00', '20:30:00', 1080000000, 3500, 2500),
       (81, 41, 'WED', '11:30:00', '20:30:00', 1080000000, 3100, 2100),
       (82, 41, 'THU', '14:30:00', '22:30:00', 1080000000, 2700, 1700),
       (83, 42, 'FRI', '09:30:00', '18:30:00', 1080000000, 2800, 1800),
       (84, 42, 'SAT', '13:30:00', '21:30:00', 1080000000, 3200, 2200),
       (85, 43, 'SUN', '10:30:00', '19:30:00', 1080000000, 2900, 1900),
       (86, 43, 'MON', '12:30:00', '20:30:00', 1080000000, 3500, 2500),
       (87, 44, 'TUE', '11:30:00', '20:30:00', 1080000000, 3100, 2100),
       (88, 44, 'WED', '14:30:00', '22:30:00', 1080000000, 2700, 1700),
       (89, 45, 'THU', '09:30:00', '18:30:00', 1080000000, 2800, 1800),
       (90, 45, 'FRI', '13:30:00', '21:30:00', 1080000000, 3200, 2200),
       (91, 46, 'SAT', '10:30:00', '19:30:00', 1080000000, 2900, 1900),
       (92, 46, 'SUN', '12:30:00', '20:30:00', 1080000000, 3500, 2500),
       (93, 47, 'MON', '11:30:00', '20:30:00', 1080000000, 3100, 2100),
       (94, 47, 'TUE', '14:30:00', '22:30:00', 1080000000, 2700, 1700),
       (95, 48, 'WED', '09:30:00', '18:30:00', 1080000000, 2800, 1800),
       (96, 48, 'THU', '13:30:00', '21:30:00', 1080000000, 3200, 2200),
       (97, 49, 'FRI', '10:30:00', '19:30:00', 1080000000, 2900, 1900),
       (98, 49, 'SAT', '12:30:00', '20:30:00', 1080000000, 3500, 2500),
       (99, 50, 'SUN', '11:30:00', '20:30:00', 1080000000, 3100, 2100),
       (100, 50, 'MON', '14:30:00', '22:30:00', 1080000000, 2700, 1700);

INSERT INTO refund_policy (id, refund_policies_id, day_before, percent)
VALUES (1, 1, 604800000000000, 100),
       (2, 1, 604800000000000, 100),
       (3, 2, 604800000000000, 90),
       (4, 2, 432000000000000, 70),
       (5, 3, 604800000000000, 95),
       (6, 3, 432000000000000, 80),
       (7, 4, 604800000000000, 85),
       (8, 4, 432000000000000, 65),
       (9, 5, 604800000000000, 100),
       (10, 5, 432000000000000, 75),
       (11, 6, 604800000000000, 80),
       (12, 6, 432000000000000, 60),
       (13, 7, 604800000000000, 90),
       (14, 7, 432000000000000, 70),
       (15, 8, 604800000000000, 100),
       (16, 8, 432000000000000, 75),
       (17, 9, 604800000000000, 80),
       (18, 9, 432000000000000, 60),
       (19, 10, 604800000000000, 90),
       (20, 10, 432000000000000, 70),
       (21, 11, 604800000000000, 100),
       (22, 11, 432000000000000, 75),
       (23, 12, 604800000000000, 80),
       (24, 12, 432000000000000, 60),
       (25, 13, 6048000000000000, 90),
       (26, 13, 4320000000000000, 70),
       (27, 14, 6048000000000000, 100),
       (28, 14, 4320000000000000, 75),
       (29, 15, 6048000000000000, 80),
       (30, 15, 4320000000000000, 60),
       (31, 16, 6048000000000000, 90),
       (32, 16, 4320000000000000, 70),
       (33, 17, 6048000000000000, 100),
       (34, 17, 4320000000000000, 75),
       (35, 18, 6048000000000000, 80),
       (36, 18, 4320000000000000, 60),
       (37, 19, 6048000000000000, 90),
       (38, 19, 4320000000000000, 70),
       (39, 20, 6048000000000000, 100),
       (40, 20, 4320000000000000, 75),
       (41, 21, 6048000000000000, 80),
       (42, 21, 4320000000000000, 60),
       (43, 22, 6048000000000000, 90),
       (44, 22, 4320000000000000, 70),
       (45, 23, 6048000000000000, 100),
       (46, 23, 4320000000000000, 75),
       (47, 24, 6048000000000000, 80),
       (48, 24, 4320000000000000, 60),
       (49, 25, 6048000000000000, 90),
       (50, 25, 4320000000000000, 70),
       (51, 26, 6048000000000000, 100),
       (52, 26, 4320000000000000, 75),
       (53, 27, 6048000000000000, 80),
       (54, 27, 4320000000000000, 60),
       (55, 28, 6048000000000000, 90),
       (56, 28, 4320000000000000, 70),
       (57, 29, 6048000000000000, 100),
       (58, 29, 4320000000000000, 75),
       (59, 30, 6048000000000000, 80),
       (60, 30, 4320000000000000, 60),
       (61, 31, 6048000000000000, 90),
       (62, 31, 4320000000000000, 70),
       (63, 32, 6048000000000000, 100),
       (64, 32, 4320000000000000, 75),
       (65, 33, 6048000000000000, 80),
       (66, 33, 4320000000000000, 60),
       (67, 34, 6048000000000000, 90),
       (68, 34, 4320000000000000, 70),
       (69, 35, 6048000000000000, 100),
       (70, 35, 4320000000000000, 75),
       (71, 36, 6048000000000000, 80),
       (72, 36, 4320000000000000, 60),
       (73, 37, 6048000000000000, 90),
       (74, 37, 4320000000000000, 70),
       (75, 38, 6048000000000000, 1000),
       (76, 38, 4320000000000000, 750),
       (77, 39, 6048000000000000, 800),
       (78, 39, 4320000000000000, 600),
       (79, 40, 6048000000000000, 900),
       (80, 40, 4320000000000000, 700),
       (81, 41, 6048000000000000, 1000),
       (82, 41, 4320000000000000, 750),
       (83, 42, 6048000000000000, 800),
       (84, 42, 4320000000000000, 600),
       (85, 43, 6048000000000000, 900),
       (86, 43, 4320000000000000, 700),
       (87, 44, 6048000000000000, 1000),
       (88, 44, 4320000000000000, 750),
       (89, 45, 6048000000000000, 800),
       (90, 45, 4320000000000000, 600),
       (91, 46, 6048000000000000, 900),
       (92, 46, 4320000000000000, 700),
       (93, 47, 6048000000000000, 1000),
       (94, 47, 4320000000000000, 750),
       (95, 48, 6048000000000000, 800),
       (96, 48, 4320000000000000, 600),
       (97, 49, 6048000000000000, 900),
       (98, 49, 4320000000000000, 700),
       (99, 50, 6048000000000000, 1000),
       (100, 50, 432000000000000, 750);

INSERT INTO stage_liked_usernames (stage_id, liked_usernames)
VALUES (1, 'test'),
       (2, 'test'),
       (6, 'test'),
       (7, 'test'),
       (8, 'test'),
       (9, 'test'),
       (10, 'test'),
       (11, 'test'),
       (14, 'test'),
       (15, 'test'),
       (16, 'test'),
       (20, 'test'),
       (24, 'test'),
       (26, 'test'),
       (27, 'test'),
       (30, 'test'),
       (31, 'test'),
       (38, 'test'),
       (39, 'test'),
       (42, 'test'),
       (45, 'test'),
       (48, 'test'),
       (49, 'test'),
       (52, 'test'),
       (53, 'test'),
       (54, 'test'),
       (55, 'test'),
       (59, 'test'),
       (60, 'test'),
       (61, 'test'),
       (64, 'test'),
       (66, 'test'),
       (68, 'test'),
       (71, 'test'),
       (73, 'test'),
       (78, 'test'),
       (79, 'test'),
       (81, 'test'),
       (82, 'test'),
       (83, 'test'),
       (87, 'test'),
       (88, 'test'),
       (90, 'test'),
       (91, 'test'),
       (92, 'test'),
       (99, 'test');

-- post
INSERT INTO post (id, author, title, content, view_count, like_count, created_at, modified_at)
VALUES (1, 'test', '다양한 음악과 다양한 사람, 아망', '# LP.01 성균관대학교 자유음악동아리 아망
@skku_amang

아망(Amang)은 성균관대학교 정보통신대학 소속 자유음악동아리로, 장르 제한 없이 넓은 스펙트럼을 가지고 있습니다. 그 이름에 걸맞게 다양한 음악과 다양한 사람들이 모여 음악적으로 교류하며 나아가는 그들의 이야기를 담았습니다!
Q. 간략하게 동아리를 소개해주세요.
자유로운 분위기로, 장르 제한이 없어서 넓은 스펙트럼을 갖고 있는 동아리입니다. 가족 같은 분위기를 유지하며 자유음악동아리라는 것이 특색이라고 할 수 있을 것 같아요.

Q. 어떤 동아리 분위기를 지향하는 편이신가요?
다양한 활동들로 사람들과 만나면서 다양한 노래, 좋아하는 노래, 같이 으쌰으쌰하는 분위기요. 아망은 공연 피드백을 모든 부원이 진행하는데, 부담 없이 피드백할 때도 서로 좋은 말을 해주는 경우가 많아요. 이렇게 부원 모두가 참여하며 돈독해지는 분위기를 지향합니다.

Q. 아망의 가족 같은 분위기는 어디서 비롯된다고 생각하시나요?
중앙동아리가 아니라는 점이 큰 것 같아요. 대부분의 부원들이 오래 활동하는 편이고, 또 오래 활동하는 선배 부원들을 보면서 ‘나도 오래 활동해야겠다’라는 생각이 자연스레 드는 것 같아요. 더불어 매주 정기 모임으로 주기적으로 마주치고, 그 이후에 저녁도 먹고 회식도 하면서 친밀도를 쌓을 기회가 많은 것 같습니다.

Q. 어떤 밴드를 만들어가고 싶으신가요?
다양한 큰 무대에 서는 것이 목표입니다. 다양한 공연을 하면서 원래 몰랐던 장르에 대해서도 서로 음악적으로 교류하며 나아가는 동아리를 만들고 싶어요.', 10, 3, CURRENT_TIMESTAMP, CURRENT_TIMESTAMP),
       (2, 'test', '음악적 성취감과 동료애가 합쳐져, 튜나', '# LP.02 성균관대학교 락밴드 튜나
@skku_tuna

독특한 이름만큼 매력적인 성균관대학교 문과대학 롹밴드 튜나(Tuna)입니다! 끈끈한 유대감으로 모인 그들은 음악적 성취감과 동료애로 ‘튜나는 바로 지금’ 그들의 이야기을 만들어갑니다.
Q. 튜나라는 밴드의 이름이 독특한데, 그 이유가 있나요?
원래 밴드의 이름은 튜나가 아니었습니다. “튜나”라는 이름이 나오게 된 시점은 밴드 멤버들이 술자리에서 새로운 이름을 논의하던 중, 참치(튜나)를 안주로 먹고 있었는데, 그 자리에서 자연스럽게 “튜나”라는 이름이 떠올랐고, 그게 밴드의 새로운 이름으로 확정되었습니다. 이름 자체는 즉흥적으로 나온 것이지만, 그 독특함 덕분에 매력적인 이름이 되었다고 생각합니다.

Q. 튜나의 동아리 분위기는 어떤가요?
튜나는 음악을 통해 멤버들 간의 유대감을 형성하는 것을 중요하게 여깁니다. 합주를 하면서 자연스럽게 친해지고, 이후에도 함께 술을 마시거나 놀러 다니며 친목을 다집니다. 멤버 수가 비교적 적기 때문에, 모든 부원이 서로 잘 알고 지내며, 활동적으로 교류하는 편입니다. 이러한 소규모의 끈끈한 분위기가 동아리의 특색을 이루며, 새로운 부원들도 가족 같은 분위기 속에서 함께할 수 있도록 노력하고 있습니다.

Q. 금잔디 문화제에서 재미있는 에피소드가 있었나요?
금잔디 문화제에서 예정된 곡을 연주할 키보드 담당이 당일 본가에 가서 잠들어버리는 바람에 연주를 할 수 없게 되었던 에피소드가 있었습니다. 이로 인해 부랴부랴 다른 곡으로 변경하여 영상 오디션을 촬영하게 되었고, 그 결과 운 좋게 합격하여 해당 곡으로 공연을 진행하게 되었습니다. 당시에는 상황이 급박했지만, 결과적으로 즉석에서 바꾼 곡이 좋은 반응을 얻었고, 지금 생각하면 즐거운 추억으로 남아 있습니다.

Q. 밴드 활동이 일상에서 어떤 의미를 가지시나요?
밴드 활동은 저에게 일상의 활력소이자 떼어놓을 수 없는 중요한 부분이 되었습니다. 일상에서 느끼는 스트레스나 지루함을 밴드 활동을 통해 해소할 수 있고, 음악을 통해 얻는 성취감과 동료들과의 유대감이 삶의 중요한 요소로 자리잡고 있습니다. 밴드 활동을 하면서 일상에서의 작은 행복을 느끼고, 새로운 에너지를 얻는 것 같아 매우 소중한 경험입니다.', 10, 3, CURRENT_TIMESTAMP, CURRENT_TIMESTAMP),
       (3, 'test', '튜닝의 끝은 순정, 못갖춘마디', '# LP.03 성균관대학교 중앙 통기타동아리 못갖춘마디
@skku_motdy

음악을 사랑하는 사람들이 모인 중앙 통기타동아리 못갖춘마디는, 통기타를 중심으로 다양한 세션이 어우러져 멋진 곡을 완성합니다. 낭만으로 가득한 그들의 이야기를 들려드립니다!
Q. 간략한 동아리 소개 부탁드려요!못갖춘마디는 음악을 사랑하는 사람들이 모인 중앙 통기타 동아리입니다! 통기타를 중심으로 베이스, 키보드, 드럼, 보컬 등 다양한 세션이 어우려져 멋진 곡을 완성합니다. 학기 중에는 신입생 환영회를 시작으로, 워크샵, 악기 학습부, 버스킹, 그리고 학기 말 가장 큰 행사인 정기공연까지 다양한 활동이 펼쳐집니다.

Q. 못갖춘마디의 역사가 길다고 들었는데, 소개 부탁드려요.
작년에는 30주년을 기념하기 위해 OB, YB 합동공연을 크게 진행하였어요. 정기공연에서 OB 선배분들이 많이 와주신 덕분에 동아리가 여기까지 유지될 수 있었던 것 같아요. 30년이 넘는 역사를 가진 동아리이고, 그 덕에 많은 선배님들의 지원을 받아 동방에 비싼 기타가 많이 구비되어 있습니다.

Q. 못디만의 특별한 공연 점검 제도가 있다고 들었는데, 설명 부탁드립니다.
평가 및 반영, 줄여서 평반이라는 것을 진행합니다. 정기 공연 전에 3~4 주 동안 서로 준비하고 있는 곡에 대한 평가 및 피드백을 주고 받고 해당 내용을 곡에 반영하는 과정입니다.

Q. 마지막으로 두 분의 삶에서 밴드란 무엇인가요?
- 오히려 대학 생활 중 밴드 활동을 하지 않은 기간이 더 짧아서, 밴드란 일상 같고 당연한 존재가 된 것 같아요.- 대학 생활의 엄청 큰 부분을 차지해요. 재밌게 잘 놀다 갑니다!', 10, 3, CURRENT_TIMESTAMP, CURRENT_TIMESTAMP),
       (4, 'test', '음악을 좋아하는 사람들이 모여 있기에, 파란', '# LP.04 성균관대학교 경영학과 밴드 소모임 파란
@paran_skku

네 번째 레코드의 주인공은 성균관대학교 밴드 파란입니다! 경영학과 밴드 소모임으로 시작해, 음악을 좋아하는 다양한 학과의 부원들이 모여 개성 넘치고 자유로운 파란만의 무대를 채워갑니다

Q. 파란만의 개성을 유지하는 비결은 무엇인가요?일반적으로 생각하는 밴드 동아리로만 생각하지 않는 사람들이 많아서 더 그런 분위기가 이루어지는 것 같아요. 서로 자신이 추구하는 방향의 레퍼런스를 공유하고, 또 소통 과정이 원활하다 보니까 좋은 무대 구상하는 데 시너지가 나는 것이라 생각해요. 음악 좋아하는 사람들이 모여 있기에, 무엇보다 잘해야 한다는 걸 크게 의식하지 않아서 더 잘 되는 것 같기도 해요.

Q. 큰 규모의 밴드를 운영하면서 겪었던 어려움에 대해 나누어주실 수 있나요?
인원이 많다 보니까 단체로 움직이는 행사를 할 때, 특히 총회나 뒤풀이 등에서 번거로운 일이 많았어요. 당일날, 전날 취소하는경우 정산 관련해서도 곤란하고 술집 사장님한테도 죄송한 일이 생기고 인원 관리하는 게 제일 힘들다고 할 수 있을 것 같네요.

Q. 밴드 운영을 이어 나가게 해주는 원동력은 어떤 것일까요?
개인적으로는 공연을 서면 도파민이 느껴지고 공연을 잘 끝냈다는 뿌듯함이 들어요. 그리고 브이로그 같은 영상들과 관련해서도 욕심 내서 공연 영상 촬영 공들여서 했을 때 부원들의 반응이 좋으면 뿌듯하더라고요. 그게 대중들에게까지도 호평을 받으면 콘텐츠 제작자로서 감동도 느끼고요.

Q. 앞으로 어떤 파란을 만들어나가고 싶으신가요?
파란이 이제 누군가 돌아봤을 때 대학시절의 좋은 추억으로 남을 수 있는 밴드가 되었으면 좋겠어요. 어디를 간다든지 그렇게 좋은 기억으로 남아있는 집단이 되길 바라는 마음입니다. ', 10, 3, CURRENT_TIMESTAMP, CURRENT_TIMESTAMP),
       (5, 'test', '막 없이 사랑하자, 막무간애', '# LP.05 성균관대학교 중앙 락밴드 동아리 막무간애
@skku_band_mmge

막무간애는 성균관대학교 중앙 락밴드 동아리로, ‘막없이 서로를 사랑하자’라는 뜻을 가진 그들의 이야기를 담았습니다! 다같이 즐기며 밴드 무대를 함께하고, 또 관객들까지도 함께 모여 음악을 만들어 나갑니다.

Q. 막무간애는 어떤 밴드 동아리인가요?
- 겉바속촉이라고 할 수 있을 것 같아요. 겉으로 보기에는 결과도 잘 나오지만, 내부에서는 굉장히 많은 시간을 논의하면서 갈등도 생기고 순탄하기만 하지는 않기 때문에요. (웃음)- 가족이죠. 부원들끼리 친목 다지는 자리도 많고, 임원진끼리도 같이 일을 하면서 가족처럼 가까워졌거든요.

Q. 밴드 활동을 하면서 얻은 것이나, 배운 점이 있나요?
- 밴드 동아리 회장으로서는, 힘든 만큼 얻는 것이 많아요. 많은 사람을 만나다보니 사람을 대하는 방법을 알게 되었고, 그래서 사회생활을 조금 더 잘하게 된 것 같아요. 그리고 기타 실력이 정말 많이 늘었습니다. 비록 학점은 보냈지만요.

Q. 좋은 밴드의 무대란 무엇이라고 생각하시나요?
- 각자 활동하는 것이 아니라 다같이 서로 무엇을 하는지 느끼면서 진행하는 거라고 생각해요. 본인 세션에만 숙제처럼 느끼는 것이 아니라 다같이 즐기면서 함께한다는 느낌.- 팀원들끼리 그 무대를 즐기는 것, 그리고 관객들까지도 함께 무대를 좋은 분위기로 즐기는 것이 아닐까요?

Q. 밴드 동아리원으로서 잃고 싶지 않은 초심이 있나요?
– 언젠가부터 초심을 잃었다가 타 동아리 공연을 보고 새내기 때의 촉촉한 마음이 생각났어요. 오히려 공연할 때 좀 떨고 싶다는 생각이 들었죠. 긴장하고 싶은 마음이요. 회장으로서 일 중심으로 동아리를 하다보니, 일이 많아도 밴드의 본업인 무대는 잘해내자는 다짐을 하게 됐습니다.– 공연도 많이 해보고, 밴드 동아리에서 일도 하면서 초심이 무뎌진 감이 없지 않아 있는데, 무대 자체를 즐기는 마음은 계속 가져가고 싶네요.', 10, 3, CURRENT_TIMESTAMP, CURRENT_TIMESTAMP),
       (6, 'test', '성균인의 고막을 울려라, 수선관 그 밴드', '# LP.06 성균관대학교 사회과학대학 밴드 ‘수선관 그 밴드‘
@skkuband__suseon

성균인의 고막을 울리는 바로 그 밴드, 성균관대학교 사회과학대 소속 ‘수선관 그 밴드‘입니다! 누구보다 끈끈한 유대감과 젊은 에너지를 지닌 청춘밴드 수그밴만의 이야기를 들려드립니다.

Q. 수그밴은 1, 2학년만 참여할 수 있다는 특징이 있는데요. 이러한 점이 어떤 영향을 가져왔다고 생각하시나요?
1학년 2학년 두 기수들만 함께 활동하다보니 엄청 끈끈하고 젊은 에너지를 갖고 활동할 수 있습니다. 신입생들도 축제나 공연에 참여할 기회가 더 많아 실력이 빨리 느는 것 같습니다.

Q. 수그밴의 성공적인 운영 비결은 무엇인가요?
올해 임원진 내 합이 좋기도하고 최고로 열정적인 동아리부원들이 있어 잘 맞물렸던 것 같습니다. 임원진 차원에서 공연 계획과 주점운영 같은 행사들을 제의하면 동아리원들이 적극적으로 참여해주어 항상 고마운 마음입니다.

Q. 진정한 밴드인이란 어떤 사람이라고 생각하시나요?
내가 하고 있는 음악을 다른 사람들에게도 보여줄 수 있어야 한다고 생각해요. 그래서 저희 밴드도 어떤 무대에서든 힘차게 흔들면서 으쌰으쌰 즐기곤 해요. 모두 함께 밴드라는 것을 즐길 수 있도록 하는 거예요. 관객과 무대에서 함께 호흡하고 합을 맞추는 거죠.

Q. 무대를 올라갔을 때 어떤 곡들을 들려주고 싶은가요?
관객들이 모두 공감하고 이해할 수 있는 노래들로 구성하고 싶습니다. 무대에 올리는 각 노래들이 하나의 이야기로 이어질 수 있게 구성합니다. 예를 들어 입학식 때는 새내기를 대상으로 하다보니 초,중,고 입학식 즈음의 노래들로 구성해 공감대를 형성했고요. 수그밴이 모든 성대 사람들의 귀를 즐겁게 해주는 밴드가 됐으면 좋겠습니다!', 10, 3, CURRENT_TIMESTAMP, CURRENT_TIMESTAMP),
       (7, 'test', '밴드 동아리의 중심으로, 모여락', '# LP.07 성균관대학교 중앙 밴드동아리 모여락
@skku_m.y.rock

일곱번 째 레코드의 주인공, 성균관대 자연과학캠퍼스 중앙 동아리 ‘모여락’의 이야기입니다! 모여락은 하나의 색이 아닌, 각기 다른 개성을 가진 사람들이 모여 조화롭게 어우러지며 오묘하고 매력적인 색을 만들어내는 밴드 동아리입니다.

Q. 모여락 동아리에 대해 간단히 소개해 주실 수 있나요?
모여락은 성균관대학교 자연과학 캠퍼스에 소속된 중앙 밴드 동아리로, 매 학기 한 번씩 정기 공연을 개최하여 활발히 활동하고 있습니다. 모여락의 활동은 단순히 공연에 그치지 않고, 교내 축제 참여, 야외 버스킹, 홍보 영상 촬영 등 다양한 형태로 확장되고 있습니다. 이러한 활동을 통해 동아리 내부의 결속력을 강화하고, 외부에 동아리를 알리는 데 주력하고 있습니다.

Q. 모여락이 생공대 소속에서 중앙동아리로 전환된 후 어떤 변화가 있었나요?
중앙동아리로 전환된 후 가장 큰 변화는 인원의 급증입니다. 인원이 많아지면서 동아리의 규모와 활동 이 더욱 활발해졌지만, 동시에 공연의 TO(Team Order) 문제와 같은 새로운 어려움도 생겨났습니다. 공연에 참여할 수 있는 인원이 제한적이기 때문에, 모든 부원에게 공연 기회를 제공하는 것이 어려워졌습니다. 하지만 이러한 변화 덕분에 동아리에 대한 외부의 관심이 높아졌고, 동아리 활동을 더욱 체계적으로 운영할 수 있는 기반이 마련되었습니다.

Q. 인원이 많아지면서 공연 준비에 어려움이 있었나요?
예전에는 정기 공연을 한 학기에 한 번만 진행해도 충분했으나, 지금은 신입 부원들의 참여 기회를 보 장하기 위해 추가 공연을 기획하게 되었습니다. 예를 들어, 이번 방학 중에는 정기 공연을 한 번 더 열어, 공연 기회를 충분히 제공할 계획입니다. 이로 인해 동아리 운영진은 공연 기획과 TO 배분에 더욱 신경 쓰고 있으며, 신입 부원들이 동아리에 잘 적응하고 즐겁게 활동할 수 있도록 다양한 방안을 모색하고 있습니다.

Q. 남은 임기 동안 모여락을 어떤 동아리로 만들어가고 싶으신가요?
남은 임기 안 모여락을 ‘즐겁게 활동할 수 있는 동아리’로 만들어가고 싶습니다. 실력 중심의 동아리의 이미지가 있어 진입장벽이 다소 있었지만, 이제는 그 부담을 내려놓고 누구나 즐겁게 참여할 수 있는 동아리로 변화하고 싶습니다. 동아리 내부에서 더 자유롭고 편안한 분위기를 조성하여, 동아리원들이 서로 즐겁게 음악을 할 수 있는 환경을 만드는 것이 목표입니다. 이를 통해 모여락이 더욱 매력적인 동아리로 발전하기를 바랍니다.', 10, 3, CURRENT_TIMESTAMP, CURRENT_TIMESTAMP),
       (8, 'test', 'Illuminate the City, CT', '# LP.08 성균관대학교 팝밴드 중앙동아리 밴드 CT
@skku.ct

”CT를 하나로 표현한다면 포근, 다정, 그리고 능이백숙“ 성균관대 팝밴드 중앙 동아리 CT입니다! 마음 편한 분위기의 밴드인들이 모여 다양한 장르의 음악으로 비추는 이야기를 만들어갑니다.

Q. 동아리를 운영하면서 가장 중요한 것은 무엇이라고 생각하시나요?
부원들에게 충분한 설명을 해주는 것이 필요하고, 다른 관점에 대해 이해를 부탁해야 하니까요. 친목과 실력 향상 등 각자가 다양한 목표가 있을 텐데 어느 누구에게도 자신이 원하던 것과 다른 목표를 강요할 수는 없지요.

Q. 타 밴드와는 다른 CT만의 차별점이 있을까요?
다양한 곡들을 시도한다는 점이 아닐까 싶어요. 밴드에서 준비하는 곡들이 다 거기에서 거기라고 생각할 수도 있지만, 그런 편견을 꺠기 위해 인디 밴드, 해외 락, 케이팝, 팝송, 제이팝 등 다양한 장르를 도전해보는 중이에요. 그래서 한 번 선곡 회의를 할 때 분명 어느 정도 추렸음에도 불구하고 다들 노래 선정 기준이 다르다 보니 임원진들끼리 얘기해보면서도 4시간 내내 회의가 끝나지 않았던 적도 있어요.

Q. CT를 한 단어로 표현한다면?
CT를 보고 사람들이 다들 포근하다, 다정하다, 능이백숙 같다고 해요. 엄청 자극적이고 그런 건 아니지만, 분위기 자체가 마음 편한 느낌이고 다들 순한 편이기 때문에 그렇게 부르나 봐요.

Q. 마지막으로 학교를 졸업해 밴드를 떠난다면, 그때는 지금과 어떻게 다를 것 같으신가요?
지금 밴드는 제 삶의 제일 큰 부분을 차지하고 있는 것 같아요. 원래는 하나에 쉽게 빠지고 쉽게 질리는 타입인데, 밴드는 3년째 열정적으로 하고 있어요. 하지만 OB로 활동하지는 않을 듯해요. 후배들의 기회를 뺏고 싶지는 않아서 참관에 가는 정도일 것 같아요.', 10, 3, CURRENT_TIMESTAMP, CURRENT_TIMESTAMP),
       (9, 'test', '청춘의 또 다른 이름, 아이코닉', '# LP.09 성균관대학교 성균융합원 밴드 동아리 ICONIC
@skku_iconic

이번 레코드의 주인공은 낭만과 청춘을 노래하는 성균융합원 밴드, ICONIC입니다. 2024년 혜성같이 등장한 신생 밴드인데요, 음악을 매개로 모여 끈끈함을 자랑하는 ICONIC의 이야기를 담았습니다!

Q. 간단한 동아리 소개와 동아리를 만들게 된 계기 설명 부탁드립니다!
안녕하세요! 낭만과 청춘을 연주하는 밴드, 아이코닉입니다. 저희는 성균융합원 단과대 소속 밴드로, 올해 신설되어 정기공연부터 여러 교내 행사에서 활발하게 활동하고 있으며 좋은 사람들이 모여 끈끈한 분위기가 강점인 것 같습니다 : ) 낭만은 ‘즉흥’과 ‘굳이’가 만나 탄생한다고 하잖아요. 새터 술자리에서 도망쳐나왔다가 마주친 사람들이 단과대에 밴드 하나쯤 있어야하지 않겠어?하면서 동아리 등록 마감 직전에 신청을 하게됐어요. 6명이 모여서 어색하게 자기소개를 하면서 동아리 이름과 로고를 정하던 날이 기억나네요ㅎㅎ

Q. 동아리를 새로 만드는 데 어려움이 있었나요?
신설 동아리이기에 공연을 진행하기 위해 필요한 공연장 대관 자본이 부족했습니다. 돈을 확보할 방법을 고민하다가 또 한 번 즉흥적으로 ’대동제 주점 한 번 해봐?‘하고 다같이 한 마음으로 새벽까지 주점 회의를 진행했었습니다. 동방도 없기에 식자재들을 부원들 각자의 집에 나눠 배송하고 낑낑거리며 모여서 전 인원이 자발적으로 주점을 1부터 100까지 함께 진행하고 밤새 뒷풀이도 하면서 다같이 낭만, 추억, 청춘 모두 얻을 수 있었던 것 같아요.

Q. 좋은 밴드 동아리란 무엇이라고 생각하시나요?
다양한 생각과 꿈을 가진 사람들이 모여 공연이라는 하나의 목표를 향해 함께 즐기며 추억을 쌓을 수 있는 곳이 좋은 밴드 동아리라고 생각합니다. 이런 가치관 때문인지 아이코닉은 합주하는 팀이 있다고 하면 서로 허락을 구하고 합주에 저해되지 않는 선에서 시간 되는 사람들이 모여 응원을 가는 문화를 가지고 있습니다. 또 실력이 좋은 사람은 무대에서 모두 뽐낼 수 있고, 초보들의 진입장벽을 낮추고 신입들도 잘 어우러질 수 있는 곳이 좋은 동아리라고 생각합니다.
Q. 1기 부원들에게 하고 싶은 말이 있나요?
1기인 만큼 부족한 것도, 어려운 것도 많았을텐데 다들 본인 일인 것처럼 뛰어들어 노력해줘서 감사합니다. 각자 힘든 것도 많았겠지만 아이코닉에서의 1년이 여러분에게 좋은 추억이자, 시작을 함께 했다는 자부심, 청춘의 한 조각으로 남을 수 있길 바랍니다. 사랑해요 아코💗', 10, 3, CURRENT_TIMESTAMP, CURRENT_TIMESTAMP);

INSERT INTO post_images (post_id, images)
VALUES (1, 'https://d3j0mzt56d6iv2.cloudfront.net/images/o/test/83ea1be9-6d64-4614-93c2-90910f9c254b.png'),
       (1, 'https://d3j0mzt56d6iv2.cloudfront.net/images/o/test/ec7fe7c0-90b6-4a92-b407-e19576400eed.png'),
       (1, 'https://d3j0mzt56d6iv2.cloudfront.net/images/o/test/2b11900e-a6cb-4c88-b6c7-50959724560d.png'),
       (1, 'https://d3j0mzt56d6iv2.cloudfront.net/images/o/test/5bbda177-3084-49af-b4dc-94f932bf4318.png'),
       (1, 'https://d3j0mzt56d6iv2.cloudfront.net/images/o/test/d0aea241-828e-4be4-b765-88fb13a30e61.png'),

       (2, 'https://d3j0mzt56d6iv2.cloudfront.net/images/o/test/a78aa3dc-905a-42a4-a4db-5d54f1c07405.png'),
       (2, 'https://d3j0mzt56d6iv2.cloudfront.net/images/o/test/d60a3af7-d324-43d3-ad05-406b3ced6034.png'),
       (2, 'https://d3j0mzt56d6iv2.cloudfront.net/images/o/test/954a4d95-906a-4044-8b67-0b33796dbc1a.png'),
       (2, 'https://d3j0mzt56d6iv2.cloudfront.net/images/o/test/e8c97d4d-fbb8-40c4-8656-dbf3f1bee68b.png'),
       (2, 'https://d3j0mzt56d6iv2.cloudfront.net/images/o/test/024d5f20-f963-40a5-8273-3f059fc3e2ab.png'),

       (3, 'https://d3j0mzt56d6iv2.cloudfront.net/images/o/test/0efc62b2-ac0e-46dc-a67a-26c6897f8178.png'),
       (3, 'https://d3j0mzt56d6iv2.cloudfront.net/images/o/test/2fce9f44-8fa8-46e2-a463-d280211cb3a0.png'),
       (3, 'https://d3j0mzt56d6iv2.cloudfront.net/images/o/test/ac5b9bd7-b677-4258-bc04-3c679b22bbdc.png'),
       (3, 'https://d3j0mzt56d6iv2.cloudfront.net/images/o/test/f9d45b60-5b79-442e-bf2e-800e07eaca62.png'),
       (3, 'https://d3j0mzt56d6iv2.cloudfront.net/images/o/test/6dbe14ba-e64a-495c-a4a8-ac49f274deeb.png'),

       (4, 'https://d3j0mzt56d6iv2.cloudfront.net/images/o/test/06282b86-64b7-4299-835b-cd71947e53a1.png'),
       (4, 'https://d3j0mzt56d6iv2.cloudfront.net/images/o/test/2d325ce0-f95f-4fbf-96c9-3ab057a3511c.png'),
       (4, 'https://d3j0mzt56d6iv2.cloudfront.net/images/o/test/1095f160-d982-47d2-a0c0-bf24b0ddf984.png'),
       (4, 'https://d3j0mzt56d6iv2.cloudfront.net/images/o/test/879ebe3e-ab1a-417d-9f09-6fb8af120cf9.png'),
       (4, 'https://d3j0mzt56d6iv2.cloudfront.net/images/o/test/685c9abf-cafd-43f6-a7cc-4ed889953602.png'),

       (5, 'https://d3j0mzt56d6iv2.cloudfront.net/images/o/test/381b2abc-c5da-443b-928f-20ece4f0badd.png'),
       (5, 'https://d3j0mzt56d6iv2.cloudfront.net/images/o/test/58a6da55-b5d8-4f88-9c27-452bd4de3e7f.png'),
       (5, 'https://d3j0mzt56d6iv2.cloudfront.net/images/o/test/eaa1a2c9-437a-4bd1-ae07-7fe618f0cdda.png'),
       (5, 'https://d3j0mzt56d6iv2.cloudfront.net/images/o/test/0670c070-e38c-4afd-a9a9-8700254720a8.png'),
       (5, 'https://d3j0mzt56d6iv2.cloudfront.net/images/o/test/b122ce25-55fa-4dc5-bd63-d1665f2ead48.png'),

       (6, 'https://d3j0mzt56d6iv2.cloudfront.net/images/o/test/fe7e7fa3-f647-4292-a2e1-3a2efd659483.png'),
       (6, 'https://d3j0mzt56d6iv2.cloudfront.net/images/o/test/2503f6d1-1f94-49ce-8ba0-6e01e4fa2c9a.png'),
       (6, 'https://d3j0mzt56d6iv2.cloudfront.net/images/o/test/592f094f-3910-4d78-89cd-71413b3e65fe.png'),
       (6, 'https://d3j0mzt56d6iv2.cloudfront.net/images/o/test/6ef8cb90-b44b-4c43-806b-ae3adceceebe.png'),
       (6, 'https://d3j0mzt56d6iv2.cloudfront.net/images/o/test/0f1b478e-dbeb-465d-a43b-1cb46c0a77ca.png'),

       (7, 'https://d3j0mzt56d6iv2.cloudfront.net/images/o/test/574db09f-af05-4993-a961-4a2898ecd139.png'),
       (7, 'https://d3j0mzt56d6iv2.cloudfront.net/images/o/test/3c93f49a-a442-499e-84e2-bebbdda75276.png'),
       (7, 'https://d3j0mzt56d6iv2.cloudfront.net/images/o/test/c626d378-fdd3-4bb2-9bd8-670c072b15b5.png'),
       (7, 'https://d3j0mzt56d6iv2.cloudfront.net/images/o/test/e457deee-528c-4c61-8ca0-92f68924da07.png'),
       (7, 'https://d3j0mzt56d6iv2.cloudfront.net/images/o/test/3d46a751-47c1-4ad9-b25d-0e02ebdbb322.png'),

       (8, 'https://d3j0mzt56d6iv2.cloudfront.net/images/o/test/236760b2-561d-4613-9ee1-601d1f0885b3.png'),
       (8, 'https://d3j0mzt56d6iv2.cloudfront.net/images/o/test/83d8fa7d-6349-47d7-a308-eeae52fcb689.png'),
       (8, 'https://d3j0mzt56d6iv2.cloudfront.net/images/o/test/1144ad79-08d6-4085-b136-0846b4fa6210.png'),
       (8, 'https://d3j0mzt56d6iv2.cloudfront.net/images/o/test/a6fe478e-67b4-4056-a85a-89e4395be5be.png'),
       (8, 'https://d3j0mzt56d6iv2.cloudfront.net/images/o/test/49143f60-67c7-4eb3-a173-e465f64f3aa4.png'),

       (9, 'https://d3j0mzt56d6iv2.cloudfront.net/images/o/test/1c6fc73f-67e5-419a-abd1-9e9ffed289f0.png'),
       (9, 'https://d3j0mzt56d6iv2.cloudfront.net/images/o/test/f41f46df-ea9c-4792-8ff3-55983bf2fd50.png'),
       (9, 'https://d3j0mzt56d6iv2.cloudfront.net/images/o/test/90dcc303-fdbc-4ac3-a8fa-f49fdc6f06f8.png'),
       (9, 'https://d3j0mzt56d6iv2.cloudfront.net/images/o/test/d391dd73-b910-4b7e-b770-4ccbad8231ed.png'),
       (9, 'https://d3j0mzt56d6iv2.cloudfront.net/images/o/test/47d23e7b-3ec2-4aa0-ae97-78ba51175042.png');

INSERT INTO post_liked_usernames (post_id, liked_usernames)
VALUES (1, 'test'),
       (2, 'test'),
       (3, 'test'),
       (4, 'test'),
       (5, 'test'),
       (6, 'test'),
       (7, 'test'),
       (8, 'test'),
       (9, 'test');

-- chat
INSERT INTO chat (id, title)
VALUES (1, '채팅방');

INSERT INTO participant (id, participants_id, username, read_at)
VALUES (1, 1, 'test', CURRENT_TIMESTAMP),
       (2, 1, '호스트', CURRENT_TIMESTAMP);

INSERT INTO message (id, chat_id, type, username, content, created_at, modified_at)
VALUES (1, 1, 'NOTICE', 'SYSTEM', '채팅방이 생성되었습니다', CURRENT_TIMESTAMP, CURRENT_TIMESTAMP),
       (2, 1, 'TEXT', 'test', '메시지1', CURRENT_TIMESTAMP, CURRENT_TIMESTAMP),
       (3, 1, 'TEXT', '호스트', '메시지2', CURRENT_TIMESTAMP, CURRENT_TIMESTAMP),
       (4, 1, 'TEXT', 'test', '메시지3', CURRENT_TIMESTAMP, CURRENT_TIMESTAMP),
       (5, 1, 'TEXT', '호스트', '메시지4', CURRENT_TIMESTAMP, CURRENT_TIMESTAMP),
       (6, 1, 'TEXT', 'test', '메시지5', CURRENT_TIMESTAMP, CURRENT_TIMESTAMP),
       (7, 1, 'TEXT', '호스트', '메시지6', CURRENT_TIMESTAMP, CURRENT_TIMESTAMP),
       (8, 1, 'TEXT', 'test', '메시지7', CURRENT_TIMESTAMP, CURRENT_TIMESTAMP),
       (9, 1, 'TEXT', '호스트', '메시지8', CURRENT_TIMESTAMP, CURRENT_TIMESTAMP),
       (10, 1, 'TEXT', 'test', '메시지9', CURRENT_TIMESTAMP, CURRENT_TIMESTAMP),
       (11, 1, 'TEXT', '호스트', '메시지10', CURRENT_TIMESTAMP, CURRENT_TIMESTAMP);
