-- host
INSERT INTO host (id, username, bank, account, contact_from, contact_until, created_at, modified_at)
VALUES (1, '호스트1', 'KB국민', '00000000000001', '09:00:00', '18:00:00', CURRENT_TIMESTAMP, CURRENT_TIMESTAMP),
       (2, '호스트2', 'KB국민', '00000000000002', '09:00:00', '18:00:00', CURRENT_TIMESTAMP, CURRENT_TIMESTAMP);

-- stage
INSERT INTO address (id, zipcode, state, city, street_address, detail, latitude, longitude)
VALUES (1, '00000', '경기도', '수원시 장안구', '율전로', '상세주소', 37.286, 127.019),
       (2, '00001', '경기도', '수원시 장안구', '율전로', '상세주소', 37.286, 127.019),
       (3, '00002', '서울특별시', '마포구', '홍대로', '상세주소', 37.550, 126.920),
       (4, '00003', '서울특별시', '강남구', '테헤란로', '상세주소', 37.498, 127.027),
       (5, '00004', '부산광역시', '해운대구', '해운대로', '상세주소', 35.163, 129.163),
       (6, '00005', '인천광역시', '연수구', '송도로', '상세주소', 37.382, 126.656),
       (7, '00006', '대구광역시', '중구', '동성로', '상세주소', 35.868, 128.596),
       (8, '00007', '광주광역시', '동구', '충장로', '상세주소', 35.147, 126.919),
       (9, '00008', '대전광역시', '서구', '둔산로', '상세주소', 36.351, 127.385),
       (10, '00009', '울산광역시', '남구', '삼산로', '상세주소', 35.538, 129.311),
       (11, '00010', '제주특별자치도', '제주시', '제주로', '상세주소', 33.499, 126.531),
       (12, '00011', '경상북도', '포항시', '포항로', '상세주소', 36.019, 129.343),
       (13, '00012', '경기도', '수원시 장안구', '율전로', '상세주소', 37.286, 127.019),
       (14, '00013', '경기도', '수원시 장안구', '율전로', '상세주소', 37.286, 127.019),
       (15, '00014', '서울특별시', '마포구', '홍대로', '상세주소', 37.550, 126.920),
       (16, '00015', '서울특별시', '강남구', '테헤란로', '상세주소', 37.498, 127.027),
       (17, '00016', '부산광역시', '해운대구', '해운대로', '상세주소', 35.163, 129.163),
       (18, '00017', '인천광역시', '연수구', '송도로', '상세주소', 37.382, 126.656),
       (19, '00018', '대구광역시', '중구', '동성로', '상세주소', 35.868, 128.596),
       (20, '00019', '광주광역시', '동구', '충장로', '상세주소', 35.147, 126.919),
       (21, '00020', '대전광역시', '서구', '둔산로', '상세주소', 36.351, 127.385),
       (22, '00021', '울산광역시', '남구', '삼산로', '상세주소', 35.538, 129.311),
       (23, '00022', '제주특별자치도', '제주시', '제주로', '상세주소', 33.499, 126.531),
       (24, '00023', '경상북도', '포항시', '포항로', '상세주소', 36.019, 129.343),
       (25, '00024', '경기도', '수원시 장안구', '율전로', '상세주소', 37.286, 127.019),
       (26, '00025', '경기도', '수원시 장안구', '율전로', '상세주소', 37.286, 127.019),
       (27, '00026', '서울특별시', '마포구', '홍대로', '상세주소', 37.550, 126.920),
       (28, '00027', '서울특별시', '강남구', '테헤란로', '상세주소', 37.498, 127.027),
       (29, '00028', '부산광역시', '해운대구', '해운대로', '상세주소', 35.163, 129.163),
       (30, '00029', '인천광역시', '연수구', '송도로', '상세주소', 37.382, 126.656),
       (31, '00030', '대구광역시', '중구', '동성로', '상세주소', 35.868, 128.596),
       (32, '00031', '광주광역시', '동구', '충장로', '상세주소', 35.147, 126.919),
       (33, '00032', '대전광역시', '서구', '둔산로', '상세주소', 36.351, 127.385),
       (34, '00033', '울산광역시', '남구', '삼산로', '상세주소', 35.538, 129.311),
       (35, '00034', '제주특별자치도', '제주시', '제주로', '상세주소', 33.499, 126.531),
       (36, '00035', '경상북도', '포항시', '포항로', '상세주소', 36.019, 129.343),
       (37, '00036', '경기도', '수원시 장안구', '율전로', '상세주소', 37.286, 127.019),
       (38, '00037', '경기도', '수원시 장안구', '율전로', '상세주소', 37.286, 127.019),
       (39, '00038', '서울특별시', '마포구', '홍대로', '상세주소', 37.550, 126.920),
       (40, '00039', '서울특별시', '강남구', '테헤란로', '상세주소', 37.498, 127.027),
       (41, '00040', '부산광역시', '해운대구', '해운대로', '상세주소', 35.163, 129.163),
       (42, '00041', '인천광역시', '연수구', '송도로', '상세주소', 37.382, 126.656),
       (43, '00042', '대구광역시', '중구', '동성로', '상세주소', 35.868, 128.596),
       (44, '00043', '광주광역시', '동구', '충장로', '상세주소', 35.147, 126.919),
       (45, '00044', '대전광역시', '서구', '둔산로', '상세주소', 36.351, 127.385),
       (46, '00045', '울산광역시', '남구', '삼산로', '상세주소', 35.538, 129.311),
       (47, '00046', '제주특별자치도', '제주시', '제주로', '상세주소', 33.499, 126.531),
       (48, '00047', '경상북도', '포항시', '포항로', '상세주소', 36.019, 129.343),
       (49, '00048', '경기도', '수원시 장안구', '율전로', '상세주소', 37.286, 127.019),
       (50, '00049', '경기도', '수원시 장안구', '율전로', '상세주소', 37.286, 127.019),
       (51, '00050', '서울특별시', '마포구', '홍대로', '상세주소', 37.550, 126.920),
       (52, '00051', '서울특별시', '강남구', '테헤란로', '상세주소', 37.498, 127.027),
       (53, '00052', '부산광역시', '해운대구', '해운대로', '상세주소', 35.163, 129.163),
       (54, '00053', '인천광역시', '연수구', '송도로', '상세주소', 37.382, 126.656),
       (55, '00054', '대구광역시', '중구', '동성로', '상세주소', 35.868, 128.596),
       (56, '00055', '광주광역시', '동구', '충장로', '상세주소', 35.147, 126.919),
       (57, '00056', '대전광역시', '서구', '둔산로', '상세주소', 36.351, 127.385),
       (58, '00057', '울산광역시', '남구', '삼산로', '상세주소', 35.538, 129.311),
       (59, '00058', '제주특별자치도', '제주시', '제주로', '상세주소', 33.499, 126.531),
       (60, '00059', '경상북도', '포항시', '포항로', '상세주소', 36.019, 129.343),
       (61, '00060', '경기도', '수원시 장안구', '율전로', '상세주소', 37.286, 127.019),
       (62, '00061', '경기도', '수원시 장안구', '율전로', '상세주소', 37.286, 127.019),
       (63, '00062', '서울특별시', '마포구', '홍대로', '상세주소', 37.550, 126.920),
       (64, '00063', '서울특별시', '강남구', '테헤란로', '상세주소', 37.498, 127.027),
       (65, '00064', '부산광역시', '해운대구', '해운대로', '상세주소', 35.163, 129.163),
       (66, '00065', '인천광역시', '연수구', '송도로', '상세주소', 37.382, 126.656),
       (67, '00066', '대구광역시', '중구', '동성로', '상세주소', 35.868, 128.596),
       (68, '00067', '광주광역시', '동구', '충장로', '상세주소', 35.147, 126.919),
       (69, '00068', '대전광역시', '서구', '둔산로', '상세주소', 36.351, 127.385),
       (70, '00069', '울산광역시', '남구', '삼산로', '상세주소', 35.538, 129.311),
       (71, '00070', '제주특별자치도', '제주시', '제주로', '상세주소', 33.499, 126.531),
       (72, '00071', '경상북도', '포항시', '포항로', '상세주소', 36.019, 129.343),
       (73, '00072', '경기도', '수원시 장안구', '율전로', '상세주소', 37.286, 127.019),
       (74, '00073', '경기도', '수원시 장안구', '율전로', '상세주소', 37.286, 127.019),
       (75, '00074', '서울특별시', '마포구', '홍대로', '상세주소', 37.550, 126.920),
       (76, '00075', '서울특별시', '강남구', '테헤란로', '상세주소', 37.498, 127.027),
       (77, '00076', '부산광역시', '해운대구', '해운대로', '상세주소', 35.163, 129.163),
       (78, '00077', '인천광역시', '연수구', '송도로', '상세주소', 37.382, 126.656),
       (79, '00078', '대구광역시', '중구', '동성로', '상세주소', 35.868, 128.596),
       (80, '00079', '광주광역시', '동구', '충장로', '상세주소', 35.147, 126.919),
       (81, '00080', '대전광역시', '서구', '둔산로', '상세주소', 36.351, 127.385),
       (82, '00081', '울산광역시', '남구', '삼산로', '상세주소', 35.538, 129.311),
       (83, '00082', '제주특별자치도', '제주시', '제주로', '상세주소', 33.499, 126.531),
       (84, '00083', '경상북도', '포항시', '포항로', '상세주소', 36.019, 129.343),
       (85, '00084', '경기도', '수원시 장안구', '율전로', '상세주소', 37.286, 127.019),
       (86, '00085', '경기도', '수원시 장안구', '율전로', '상세주소', 37.286, 127.019),
       (87, '00086', '서울특별시', '마포구', '홍대로', '상세주소', 37.550, 126.920),
       (88, '00087', '서울특별시', '강남구', '테헤란로', '상세주소', 37.498, 127.027),
       (89, '00088', '부산광역시', '해운대구', '해운대로', '상세주소', 35.163, 129.163),
       (90, '00089', '인천광역시', '연수구', '송도로', '상세주소', 37.382, 126.656),
       (91, '00090', '대구광역시', '중구', '동성로', '상세주소', 35.868, 128.596),
       (92, '00091', '광주광역시', '동구', '충장로', '상세주소', 35.147, 126.919),
       (93, '00092', '대전광역시', '서구', '둔산로', '상세주소', 36.351, 127.385),
       (94, '00093', '울산광역시', '남구', '삼산로', '상세주소', 35.538, 129.311),
       (95, '00094', '제주특별자치도', '제주시', '제주로', '상세주소', 33.499, 126.531),
       (96, '00095', '경상북도', '포항시', '포항로', '상세주소', 36.019, 129.343),
       (97, '00096', '경기도', '수원시 장안구', '율전로', '상세주소', 37.286, 127.019),
       (98, '00097', '경기도', '수원시 장안구', '율전로', '상세주소', 37.286, 127.019),
       (99, '00098', '서울특별시', '마포구', '홍대로', '상세주소', 37.550, 126.920),
       (100, '00099', '서울특별시', '강남구', '테헤란로', '상세주소', 37.498, 127.027);

INSERT INTO stage (id, host_id, title, brn, address_id, view_count, like_count, content, min_capacity, max_capacity, stage_type, stage_width, stage_height, booking_from, booking_until, stage_managing_available, stage_managing_fee, sound_engineering_available, sound_engineering_fee, light_engineering_available, light_engineering_fee, photographing_available, photographing_fee, application_form, cue_sheet_template, cue_sheet_due, parking_capacity, parking_location, free_parking, has_elevator, has_restroom, has_wifi, has_camera_standing, has_waiting_room, has_projector, has_locker, allows_water, allows_drink, allows_food, allows_food_delivery, allows_alcohol, sell_drink, sell_alcohol, created_at, modified_at)
VALUES (1, 1, '스테이지1', '0000000001', 1, 10, 3, '내용', 60, 120, 'RECTANGLE', 8, 5, 2592000000000000, 604800000000000, true, 0, true, 50000, false, null, true, 50000, 'https://docs.google.com/document', 'https://docs.google.com/document', 259200000000000, 2, '건물 뒤편', true, false, true, true, true, false, true, false, true, false, false, false, false, true, false, CURRENT_TIMESTAMP, CURRENT_TIMESTAMP),
       (2, 1, '스테이지2', '0000000002', 2, 10, 3, '내용', 60, 120, 'RECTANGLE', 8, 5, 2592000000000000, 604800000000000, true, 0, true, 50000, false, null, true, 50000, 'https://docs.google.com/document', 'https://docs.google.com/document', 259200000000000, 2, '건물 뒤편', true, false, true, true, true, false, true, false, true, false, false, false, false, true, false, CURRENT_TIMESTAMP, CURRENT_TIMESTAMP),
       (3, 1, '홍대 라이브 스테이지', '0000000003', 3, 15, 5, '홍대 중심에 위치한 라이브 공연장', 40, 100, 'RECTANGLE', 7, 4, 2592000000000000, 604800000000000, true, 0, true, 45000, true, 30000, true, 60000, 'https://docs.google.com/document', 'https://docs.google.com/document', 259200000000000, 3, '건물 지하', false, true, true, true, true, true, true, true, true, true, false, true, false, true, true, CURRENT_TIMESTAMP, CURRENT_TIMESTAMP),
       (4, 1, '강남 아트홀', '0000000004', 4, 20, 8, '강남 중심부 현대적인 공연장', 80, 150, 'T', 10, 10, 2592000000000000, 604800000000000, true, 50000, true, 70000, true, 50000, true, 80000, 'https://docs.google.com/document', 'https://docs.google.com/document', 259200000000000, 5, '건물 주차장', true, true, true, true, true, true, true, true, true, true, true, true, true, true, true, CURRENT_TIMESTAMP, CURRENT_TIMESTAMP),
       (5, 1, '해운대 뮤직스퀘어', '0000000005', 5, 12, 4, '바다가 보이는 공연장', 50, 90, 'RECTANGLE', 9, 6, 2592000000000000, 604800000000000, true, 30000, true, 55000, false, null, true, 40000, 'https://docs.google.com/document', 'https://docs.google.com/document', 259200000000000, 1, '인근 공영주차장', false, false, true, true, false, false, true, true, true, false, false, false, false, false, false, CURRENT_TIMESTAMP, CURRENT_TIMESTAMP),
       (6, 1, '송도 퍼포먼스홀', '0000000006', 6, 25, 10, '최신 시설을 갖춘 복합 공연장', 100, 200, 'RECTANGLE', 12, 8, 2592000000000000, 604800000000000, true, 60000, true, 65000, true, 60000, true, 70000, 'https://docs.google.com/document', 'https://docs.google.com/document', 259200000000000, 8, '지하 주차장', true, true, true, true, true, true, true, true, true, true, true, true, true, true, true, CURRENT_TIMESTAMP, CURRENT_TIMESTAMP),
       (7, 1, '동성로 인디스테이지', '0000000007', 7, 8, 2, '인디 뮤지션을 위한 아늑한 공간', 30, 70, 'T', 6, 6, 2592000000000000, 604800000000000, true, 20000, true, 35000, false, null, true, 30000, 'https://docs.google.com/document', 'https://docs.google.com/document', 259200000000000, 0, '주차 불가', false, false, true, true, false, false, false, true, false, false, false, false, false, false, false, CURRENT_TIMESTAMP, CURRENT_TIMESTAMP),
       (8, 1, '충장로 클래식홀', '0000000008', 8, 18, 7, '클래식 음악에 최적화된 음향 시스템', 70, 140, 'RECTANGLE', 11, 7, 2592000000000000, 604800000000000, true, 40000, true, 75000, true, 55000, true, 65000, 'https://docs.google.com/document', 'https://docs.google.com/document', 259200000000000, 4, '건물 옆 주차장', true, true, true, true, true, true, true, true, true, false, false, false, false, true, false, CURRENT_TIMESTAMP, CURRENT_TIMESTAMP),
       (9, 1, '둔산 재즈클럽', '0000000009', 9, 14, 6, '재즈 공연에 특화된 공간', 45, 85, 'RECTANGLE', 8, 5, 2592000000000000, 604800000000000, true, 25000, true, 40000, true, 35000, true, 45000, 'https://docs.google.com/document', 'https://docs.google.com/document', 259200000000000, 2, '건물 앞', true, false, true, true, true, false, true, true, true, true, true, true, true, true, true, CURRENT_TIMESTAMP, CURRENT_TIMESTAMP),
       (10, 1, '삼산 락스테이지', '0000000010', 10, 22, 9, '록 밴드를 위한 최적의 공간', 90, 180, 'RECTANGLE', 10, 6, 2592000000000000, 604800000000000, true, 45000, true, 60000, true, 50000, true, 55000, 'https://docs.google.com/document', 'https://docs.google.com/document', 259200000000000, 6, '건물 지하 주차장', true, true, true, true, true, true, true, true, true, true, false, true, false, true, true, CURRENT_TIMESTAMP, CURRENT_TIMESTAMP),
       (11, 1, '제주 아일랜드홀', '0000000011', 11, 16, 5, '제주의 자연과 어우러진 공연장', 55, 110, 'T', 9, 9, 2592000000000000, 604800000000000, true, 35000, true, 50000, false, null, true, 60000, 'https://docs.google.com/document', 'https://docs.google.com/document', 259200000000000, 7, '넓은 야외 주차장', true, false, true, true, false, true, false, true, true, true, true, false, false, false, false, CURRENT_TIMESTAMP, CURRENT_TIMESTAMP),
       (12, 1, '포항 어쿠스틱 스테이지', '0000000012', 12, 10, 3, '어쿠스틱 공연에 최적화된 공간', 35, 75, 'RECTANGLE', 7, 5, 2592000000000000, 604800000000000, true, 15000, true, 30000, false, null, true, 35000, 'https://docs.google.com/document', 'https://docs.google.com/document', 259200000000000, 3, '건물 뒤편', true, false, true, true, false, false, true, true, false, false, false, false, false, false, false, CURRENT_TIMESTAMP, CURRENT_TIMESTAMP),
       (13, 1, '수원 아트홀', '0000000013', 13, 20, 8, '아트 전시와 공연이 함께하는 공간', 80, 150, 'T', 10, 10, 2592000000000000, 604800000000000, true, 50000, true, 70000, true, 50000, true, 80000, 'https://docs.google.com/document', 'https://docs.google.com/document', 259200000000000, 5, '건물 주차장', true, true, true, true, true, true, true, true, true, true, true, true, true, true, true, CURRENT_TIMESTAMP, CURRENT_TIMESTAMP),
       (14, 1, '마포 빈티지 스테이지', '0000000014', 14, 25, 10, '빈티지한 분위기의 공연장', 60, 120, 'RECTANGLE', 8, 5, 2592000000000000, 604800000000000, true, 30000, true, 55000, false, null, true, 40000, 'https://docs.google.com/document', 'https://docs.google.com/document', 2592000000000000, 2, '건물 뒤편', true, false, true, true, true, false, true, false, true, false, false, false, false, true, false, CURRENT_TIMESTAMP, CURRENT_TIMESTAMP),
       (15, 1, '강남 현대 스테이지', '0000000015', 15, 30, 12, '현대적인 디자인의 공연장', 100, 200, 'T', 12, 8, 2592000000000000, 604800000000000, true, 60000, true, 65000, true, 60000, true, 70000, 'https://docs.google.com/document', 'https://docs.google.com/document', 2592000000000000, 8, '지하 주차장', true, true, true, true, true, true, true, true, true, true, true, true, true, true, false, CURRENT_TIMESTAMP, CURRENT_TIMESTAMP),
       (16, 1, '해운대 뮤직홀', '0000000016', 16, 18, 7, '바다가 보이는 공연장', 50, 90, 'RECTANGLE', 9, 6, 2592000000000000, 604800000000000, true, 30000, true, 55000, false, null, true, 40000, 'https://docs.google.com/document', 'https://docs.google.com/document', 2592000000000000, 1, '인근 공영주차장', false, false, true, true, false, false, true, true, true, false, false, false, false, false, false, CURRENT_TIMESTAMP, CURRENT_TIMESTAMP),
       (17, 1, '송도 아트홀', '0000000017', 17, 14, 6, '최신 시설을 갖춘 복합 공연장', 70, 140, 'RECTANGLE', 11, 7, 2592000000000000, 604800000000000, true, 40000, true, 75000, true, 55000, true, 65000, 'https://docs.google.com/document', 'https://docs.google.com/document', 2592000000000000, 4, '건물 옆 주차장', true, true, true, true, true, true, true, true, true, true, true, true, true, true, true, CURRENT_TIMESTAMP, CURRENT_TIMESTAMP),
       (18, 1, '동성로 재즈홀', '0000000018', 18, 22, 9, '재즈 공연에 특화된 공간', 45, 85, 'RECTANGLE', 8, 5, 2592000000000000, 604800000000000, true, 25000, true, 40000, true, 35000, true, 45000, 'https://docs.google.com/document', 'https://docs.google.com/document', 2592000000000000, 2, '건물 앞', true, false, true, true, true, false, true, false, true, false, false, false, false, false, false, CURRENT_TIMESTAMP, CURRENT_TIMESTAMP),
       (19, 1, '충장로 락홀', '0000000019', 19, 16, 5, '록 밴드를 위한 최적의 공간', 90, 180, 'RECTANGLE', 10, 6, 2592000000000000, 604800000000000, true, 45000, true, 60000, true, 50000, true, 55000, 'https://docs.google.com/document', 'https://docs.google.com/document', 2592000000000000, 6, '건물 지하 주차장', true, true, true, true, true, true, true, true, true, true, false, true, false, true, true, CURRENT_TIMESTAMP, CURRENT_TIMESTAMP),
       (20, 1, '제주 아트홀', '0000000020', 20, 12, 4, '제주의 자연과 어우러진 공연장', 55, 110, 'T', 9, 9, 2592000000000000, 604800000000000, true, 35000, true, 50000, false, null, true, 60000, 'https://docs.google.com/document', 'https://docs.google.com/document', 2592000000000000, 7, '넓은 야외 주차장', true, false, true, true, false, true, false, true, true, true, true, false, false, false, false, CURRENT_TIMESTAMP, CURRENT_TIMESTAMP),
       (21, 1, '포항 어쿠스틱홀', '0000000021', 21, 10, 3, '어쿠스틱 공연에 최적화된 공간', 35, 75, 'RECTANGLE', 7, 5, 2592000000000000, 604800000000000, true, 15000, true, 30000, false, null, true, 35000, 'https://docs.google.com/document', 'https://docs.google.com/document', 2592000000000000, 3, '건물 뒤편', true, false, true, true, false, false, true, true, false, false, false, false, false, false, false, CURRENT_TIMESTAMP, CURRENT_TIMESTAMP),
       (22, 1, '수원 아트홀', '0000000022', 22, 20, 8, '아트 전시와 공연이 함께하는 공간', 80, 150, 'T', 10, 10, 2592000000000000, 604800000000000, true, 50000, true, 70000, true, 50000, true, 80000, 'https://docs.google.com/document', 'https://docs.google.com/document', 2592000000000000, 5, '건물 주차장', true, true, true, true, true, true, true, true, true, true, true, true, true, true, false, CURRENT_TIMESTAMP, CURRENT_TIMESTAMP),
       (23, 1, '마포 빈티지홀', '0000000023', 23, 25, 10, '빈티지한 분위기의 공연장', 60, 120, 'RECTANGLE', 8, 5, 2592000000000000, 604800000000000, true, 30000, true, 55000, false, null, true, 40000, 'https://docs.google.com/document', 'https://docs.google.com/document', 2592000000000000, 2, '건물 뒤편', true, false, true, true, true, false, true, false, true, false, false, false, false, false, false, CURRENT_TIMESTAMP, CURRENT_TIMESTAMP),
       (24, 1, '강남 현대홀', '0000000024', 24, 30, 12, '현대적인 디자인의 공연장', 100, 200, 'T', 12, 8, 2592000000000000, 604800000000000, true, 60000, true, 65000, true, 60000, true, 70000, 'https://docs.google.com/document', 'https://docs.google.com/document', 2592000000000000, 8, '지하 주차장', true, true, true, true, true, true, true, true, true, true, true, true, true, true, true, CURRENT_TIMESTAMP, CURRENT_TIMESTAMP),
       (25, 1, '해운대 뮤직홀', '0000000025', 25, 18, 7, '바다가 보이는 공연장', 50, 90, 'RECTANGLE', 9, 6, 2592000000000000, 604800000000000, true, 30000, true, 55000, false, null, true, 40000, 'https://docs.google.com/document', 'https://docs.google.com/document', 2592000000000000, 1, '인근 공영주차장', false, false, true, true, false, false, true, true, false, false, false, false, false, false, false, CURRENT_TIMESTAMP, CURRENT_TIMESTAMP),
       (26, 1, '송도 아트홀', '0000000026', 26, 14, 6, '최신 시설을 갖춘 복합 공연장', 70, 140, 'RECTANGLE', 11, 7, 2592000000000000, 604800000000000, true, 40000, true, 75000, true, 55000, true, 65000, 'https://docs.google.com/document', 'https://docs.google.com/document', 2592000000000000, 4, '건물 옆 주차장', true, true, true, true, true, true, true, true, true, true, true, true, true, true, false, CURRENT_TIMESTAMP, CURRENT_TIMESTAMP),
       (27, 1, '동성로 재즈홀', '0000000027', 27, 22, 9, '재즈 공연에 특화된 공간', 45, 85, 'RECTANGLE', 8, 5, 2592000000000000, 604800000000000, true, 25000, true, 40000, true, 35000, true, 45000, 'https://docs.google.com/document', 'https://docs.google.com/document', 2592000000000000, 2, '건물 앞', true, false, true, true, false, false, true, false, false, false, false, false, false, false, false, CURRENT_TIMESTAMP, CURRENT_TIMESTAMP),
       (28, 1, '충장로 락홀', '0000000028', 28, 16, 5, '록 밴드를 위한 최적의 공간', 90, 180, 'RECTANGLE', 10, 6, 2592000000000000, 604800000000000, true, 45000, true, 60000, true, 50000, true, 55000, 'https://docs.google.com/document', 'https://docs.google.com/document', 2592000000000000, 6, '건물 지하 주차장', true, true, true, true, true, true, true, true, true, true, false, true, false, true, true, CURRENT_TIMESTAMP, CURRENT_TIMESTAMP),
       (29, 1, '제주 아트홀', '0000000029', 29, 12, 4, '제주의 자연과 어우러진 공연장', 55, 110, 'T', 9, 9, 2592000000000000, 604800000000000, true, 35000, true, 50000, false, null, true, 60000, 'https://docs.google.com/document', 'https://docs.google.com/document', 2592000000000000, 7, '넓은 야외 주차장', true, false, true, true, false, true, false, true, true, true, true, false, false, false, false, CURRENT_TIMESTAMP, CURRENT_TIMESTAMP),
       (30, 1, '포항 어쿠스틱홀', '0000000030', 30, 10, 3, '어쿠스틱 공연에 최적화된 공간', 35, 75, 'RECTANGLE', 7, 5, 2592000000000000, 604800000000000, true, 15000, true, 30000, false, null, true, 35000, 'https://docs.google.com/document', 'https://docs.google.com/document', 2592000000000000, 3, '건물 뒤편', true, false, true, true, false, false, true, true, false, false, false, false, false, false, false, CURRENT_TIMESTAMP, CURRENT_TIMESTAMP),
       (31, 1, '수원 아트홀', '0000000031', 31, 20, 8, '아트 전시와 공연이 함께하는 공간', 80, 150, 'T', 10, 10, 2592000000000000, 604800000000000, true, 50000, true, 70000, true, 50000, true, 80000, 'https://docs.google.com/document', 'https://docs.google.com/document', 2592000000000000, 5, '건물 주차장', true, true, true, true, true, true, true, true, true, true, true, true, true, true, false, CURRENT_TIMESTAMP, CURRENT_TIMESTAMP),
       (32, 1, '마포 빈티지홀', '0000000032', 32, 25, 10, '빈티지한 분위기의 공연장', 60, 120, 'RECTANGLE', 8, 5, 2592000000000000, 604800000000000, true, 30000, true, 55000, false, null, true, 40000, 'https://docs.google.com/document', 'https://docs.google.com/document', 2592000000000000, 2, '건물 뒤편', true, false, true, true, true, false, true, false, true, false, false, false, false, false, false, CURRENT_TIMESTAMP, CURRENT_TIMESTAMP),
       (33, 1, '강남 현대홀', '0000000033', 33, 30, 12, '현대적인 디자인의 공연장', 100, 200, 'T', 12, 8, 2592000000000000, 604800000000000, true, 60000, true, 65000, true, 60000, true, 70000, 'https://docs.google.com/document', 'https://docs.google.com/document', 2592000000000000, 8, '지하 주차장', true, true, true, true, true, true, true, true, true, true, true, true, true, true, false, CURRENT_TIMESTAMP, CURRENT_TIMESTAMP),
       (34, 1, '해운대 뮤직홀', '0000000034', 34, 18, 7, '바다가 보이는 공연장', 50, 90, 'RECTANGLE', 9, 6, 2592000000000000, 604800000000000, true, 30000, true, 55000, false, null, true, 40000, 'https://docs.google.com/document', 'https://docs.google.com/document', 2592000000000000, 1, '인근 공영주차장', false, false, true, true, false, false, true, true, false, false, false, false, false, false, false, CURRENT_TIMESTAMP, CURRENT_TIMESTAMP),
       (35, 1, '송도 아트홀', '0000000035', 35, 14, 6, '최신 시설을 갖춘 복합 공연장', 70, 140, 'RECTANGLE', 11, 7, 2592000000000000, 604800000000000, true, 40000, true, 75000, true, 55000, true, 65000, 'https://docs.google.com/document', 'https://docs.google.com/document', 2592000000000000, 4, '건물 옆 주차장', true, true, true, true, true, true, true, true, true, true, true, true, true, true, false, CURRENT_TIMESTAMP, CURRENT_TIMESTAMP),
       (36, 1, '동성로 재즈홀', '0000000036', 36, 22, 9, '재즈 공연에 특화된 공간', 45, 85, 'RECTANGLE', 8, 5, 2592000000000000, 604800000000000, true, 25000, true, 40000, true, 35000, true, 45000, 'https://docs.google.com/document', 'https://docs.google.com/document', 2592000000000000, 2, '건물 앞', true, false, true, true, false, false, true, false, false, false, false, false, false, false, false, CURRENT_TIMESTAMP, CURRENT_TIMESTAMP),
       (37, 1, '충장로 락홀', '0000000037', 37, 16, 5, '록 밴드를 위한 최적의 공간', 90, 180, 'RECTANGLE', 10, 6, 2592000000000000, 604800000000000, true, 45000, true, 60000, true, 50000, true, 55000, 'https://docs.google.com/document', 'https://docs.google.com/document', 2592000000000000, 6, '건물 지하 주차장', true, true, true, true, true, true, true, true, true, true, false, true, false, true, true, CURRENT_TIMESTAMP, CURRENT_TIMESTAMP),
       (38, 1, '제주 아트홀', '0000000038', 38, 12, 4, '제주의 자연과 어우러진 공연장', 55, 110, 'T', 9, 9, 2592000000000000, 604800000000000, true, 35000, true, 50000, false, null, true, 60000, 'https://docs.google.com/document', 'https://docs.google.com/document', 2592000000000000, 7, '넓은 야외 주차장', true, false, true, true, false, true, false, true, true, true, true, false, false, false, false, CURRENT_TIMESTAMP, CURRENT_TIMESTAMP),
       (39, 1, '포항 어쿠스틱홀', '0000000039', 39, 10, 3, '어쿠스틱 공연에 최적화된 공간', 35, 75, 'RECTANGLE', 7, 5, 2592000000000000, 604800000000000, true, 15000, true, 30000, false, null, true, 35000, 'https://docs.google.com/document', 'https://docs.google.com/document', 2592000000000000, 3, '건물 뒤편', true, false, true, true, false, false, true, true, false, false, false, false, false, false, false, CURRENT_TIMESTAMP, CURRENT_TIMESTAMP),
       (40, 1, '수원 아트홀', '0000000040', 40, 20, 8, '아트 전시와 공연이 함께하는 공간', 80, 150, 'T', 10, 10, 2592000000000000, 604800000000000, true, 50000, true, 70000, true, 50000, true, 80000, 'https://docs.google.com/document', 'https://docs.google.com/document', 2592000000000000, 5, '건물 주차장', true, true, true, true, true, true, true, true, true, true, true, true, true, true, false, CURRENT_TIMESTAMP, CURRENT_TIMESTAMP),
       (41, 1, '마포 빈티지홀', '0000000041', 41, 25, 10, '빈티지한 분위기의 공연장', 60, 120, 'RECTANGLE', 8, 5, 2592000000000000, 604800000000000, true, 30000, true, 55000, false, null, true, 40000, 'https://docs.google.com/document', 'https://docs.google.com/document', 2592000000000000, 2, '건물 뒤편', true, false, true, true, true, false, true, false, true, false, false, false, false, false, false, CURRENT_TIMESTAMP, CURRENT_TIMESTAMP),
       (42, 1, '강남 현대홀', '0000000042', 42, 30, 12, '현대적인 디자인의 공연장', 100, 200, 'T', 12, 8, 2592000000000000, 604800000000000, true, 60000, true, 65000, true, 60000, true, 70000, 'https://docs.google.com/document', 'https://docs.google.com/document', 2592000000000000, 8, '지하 주차장', true, true, true, true, true, true, true, true, true, true, true, true, true, false, false, CURRENT_TIMESTAMP, CURRENT_TIMESTAMP),
       (43, 1, '해운대 뮤직홀', '0000000043', 43, 18, 7, '바다가 보이는 공연장', 50, 90, 'RECTANGLE', 9, 6, 2592000000000000, 604800000000000, true, 30000, true, 55000, false, null, true, 40000, 'https://docs.google.com/document', 'https://docs.google.com/document', 2592000000000000, 1, '인근 공영주차장', false, false, true, true, false, false, true, false, false, false, false, false, false, false, false, CURRENT_TIMESTAMP, CURRENT_TIMESTAMP),
       (44, 1, '송도 아트홀', '0000000044', 44, 14, 6, '최신 시설을 갖춘 복합 공연장', 70, 140, 'RECTANGLE', 11, 7, 2592000000000000, 604800000000000, true, 40000, true, 75000, true, 55000, true, 65000, 'https://docs.google.com/document', 'https://docs.google.com/document', 2592000000000000, 4, '건물 옆 주차장', true, true, true, true, true, true, true, true, true, true, true, true, true, false, false, CURRENT_TIMESTAMP, CURRENT_TIMESTAMP),
       (45, 1, '동성로 재즈홀', '0000000045', 45, 22, 9, '재즈 공연에 특화된 공간', 45, 85, 'RECTANGLE', 8, 5, 2592000000000000, 604800000000000, true, 25000, true, 40000, true, 35000, true, 45000, 'https://docs.google.com/document', 'https://docs.google.com/document', 2592000000000000, 2, '건물 앞', true, false, true, true, false, false, true, false, false, false, false, false, false, false, false, CURRENT_TIMESTAMP, CURRENT_TIMESTAMP),
       (46, 1, '충장로 락홀', '0000000046', 46, 16, 5, '록 밴드를 위한 최적의 공간', 90, 180, 'RECTANGLE', 10, 6, 2592000000000000, 604800000000000, true, 45000, true, 60000, true, 50000, true, 55000, 'https://docs.google.com/document', 'https://docs.google.com/document', 2592000000000000, 6, '건물 지하 주차장', true, true, true, true, true, true, true, true, true, true, true, true, true, false, false, CURRENT_TIMESTAMP, CURRENT_TIMESTAMP),
       (47, 1, '제주 아트홀', '0000000047', 47, 12, 4, '제주의 자연과 어우러진 공연장', 55, 110, 'T', 9, 9, 2592000000000000, 604800000000000, true, 35000, true, 50000, false, null, true, 60000, 'https://docs.google.com/document', 'https://docs.google.com/document', 2592000000000000, 7, '넓은 야외 주차장', true, false, true, true, false, false, true, false, true, false, true, false, false, false, false, CURRENT_TIMESTAMP, CURRENT_TIMESTAMP),
       (48, 1, '포항 어쿠스틱홀', '0000000048', 48, 10, 3, '어쿠스틱 공연에 최적화된 공간', 35, 75, 'RECTANGLE', 7, 5, 2592000000000000, 604800000000000, true, 15000, true, 30000, false, null, true, 35000, 'https://docs.google.com/document', 'https://docs.google.com/document', 2592000000000000, 3, '건물 뒤편', true, false, true, true, false, false, true, true, false, false, false, false, false, false, false, CURRENT_TIMESTAMP, CURRENT_TIMESTAMP),
       (49, 1, '수원 아트홀', '0000000049', 49, 20, 8, '아트 전시와 공연이 함께하는 공간', 80, 150, 'T', 10, 10, 2592000000000000, 604800000000000, true, 50000, true, 70000, true, 50000, true, 80000, 'https://docs.google.com/document', 'https://docs.google.com/document', 2592000000000000, 5, '건물 주차장', true, true, true, true, true, true, true, true, true, true, true, true, true, false, false, CURRENT_TIMESTAMP, CURRENT_TIMESTAMP),
       (50, 1, '마포 빈티지홀', '0000000050', 50, 25, 10, '빈티지한 분위기의 공연장', 60, 120, 'RECTANGLE', 8, 5, 2592000000000000, 604800000000000, true, 30000, true, 55000, false, null, true, 40000, 'https://docs.google.com/document', 'https://docs.google.com/document', 2592000000000000, 2, '건물 뒤편', true, false, true, true, true, false, true, false, true, false, false, false, false, false, false, CURRENT_TIMESTAMP, CURRENT_TIMESTAMP),
       (51, 2, '강남 현대홀', '0000000051', 51, 30, 12, '현대적인 디자인의 공연장', 100, 200, 'T', 12, 8, 2592000000000000, 604800000000000, true, 60000, true, 65000, true, 60000, true, 70000, 'https://docs.google.com/document', 'https://docs.google.com/document', 2592000000000000, 8, '지하 주차장', true, true, true, true, true, true, true, true, true, true, true, true, true, false, false, CURRENT_TIMESTAMP, CURRENT_TIMESTAMP),
       (52, 2, '해운대 뮤직홀', '0000000052', 52, 18, 7, '바다가 보이는 공연장', 50, 90, 'RECTANGLE', 9, 6, 2592000000000000, 604800000000000, true, 30000, true, 55000, false, null, true, 40000, 'https://docs.google.com/document', 'https://docs.google.com/document', 2592000000000000, 1, '인근 공영주차장', false, false, true, true, false, false, true, false, false, false, false, false, false, false, false, CURRENT_TIMESTAMP, CURRENT_TIMESTAMP),
       (53, 2, '송도 아트홀', '0000000053', 53, 14, 6, '최신 시설을 갖춘 복합 공연장', 70, 140, 'RECTANGLE', 11, 7, 2592000000000000, 604800000000000, true, 40000, true, 75000, true, 55000, true, 65000, 'https://docs.google.com/document', 'https://docs.google.com/document', 2592000000000000, 4, '건물 옆 주차장', true, true, true, true, true, true, true, true, true, true, true, true, true, false, false, CURRENT_TIMESTAMP, CURRENT_TIMESTAMP),
       (54, 2, '동성로 재즈홀', '0000000054', 54, 22, 9, '재즈 공연에 특화된 공간', 45, 85, 'RECTANGLE', 8, 5, 2592000000000000, 604800000000000, true, 25000, true, 40000, true, 35000, true, 45000, 'https://docs.google.com/document', 'https://docs.google.com/document', 2592000000000000, 2, '건물 앞', true, false, true, true, false, false, true, false, false, false, false, false, false, false, false, CURRENT_TIMESTAMP, CURRENT_TIMESTAMP),
       (55, 2, '충장로 락홀', '0000000055', 55, 16, 5, '록 밴드를 위한 최적의 공간', 90, 180, 'RECTANGLE', 10, 6, 2592000000000000, 604800000000000, true, 45000, true, 60000, true, 50000, true, 55000, 'https://docs.google.com/document', 'https://docs.google.com/document', 2592000000000000, 6, '건물 지하 주차장', true, true, true, true, true, true, true, true, true, true, true, true, true, false, false, CURRENT_TIMESTAMP, CURRENT_TIMESTAMP),
       (56, 2, '제주 아트홀', '0000000056', 56, 12, 4, '제주의 자연과 어우러진 공연장', 55, 110, 'T', 9, 9, 2592000000000000, 604800000000000, true, 35000, true, 50000, false, null, true, 60000, 'https://docs.google.com/document', 'https://docs.google.com/document', 2592000000000000, 7, '넓은 야외 주차장', true, false, true, true, false, false, true, false, true, false, true, false, false, false, false, CURRENT_TIMESTAMP, CURRENT_TIMESTAMP),
       (57, 2, '포항 어쿠스틱홀', '0000000057', 57, 10, 3, '어쿠스틱 공연에 최적화된 공간', 35, 75, 'RECTANGLE', 7, 5, 2592000000000000, 604800000000000, true, 15000, true, 30000, false, null, true, 35000, 'https://docs.google.com/document', 'https://docs.google.com/document', 2592000000000000, 3, '건물 뒤편', true, false, true, true, false, false, true, true, false, false, false, false, false, false, false, CURRENT_TIMESTAMP, CURRENT_TIMESTAMP),
       (58, 2, '수원 아트홀', '0000000058', 58, 20, 8, '아트 전시와 공연이 함께하는 공간', 80, 150, 'T', 10, 10, 2592000000000000, 604800000000000, true, 50000, true, 70000, true, 50000, true, 80000, 'https://docs.google.com/document', 'https://docs.google.com/document', 2592000000000000, 5, '건물 주차장', true, true, true, true, true, true, true, true, true, true, true, true, true, false, false, CURRENT_TIMESTAMP, CURRENT_TIMESTAMP),
       (59, 2, '마포 빈티지홀', '0000000059', 59, 25, 10, '빈티지한 분위기의 공연장', 60, 120, 'RECTANGLE', 8, 5, 2592000000000000, 604800000000000, true, 30000, true, 55000, false, null, true, 40000, 'https://docs.google.com/document', 'https://docs.google.com/document', 2592000000000000, 2, '건물 뒤편', true, false, true, true, true, false, true, false, true, false, false, false, false, false, false, CURRENT_TIMESTAMP, CURRENT_TIMESTAMP),
       (60, 2, '강남 현대홀', '0000000060', 60, 30, 12, '현대적인 디자인의 공연장', 100, 200, 'T', 12, 8, 2592000000000000, 604800000000000, true, 60000, true, 65000, true, 60000, true, 70000, 'https://docs.google.com/document', 'https://docs.google.com/document', 2592000000000000, 8, '지하 주차장', true, true, true, true, true, true, true, true, true, true, true, true, true, false, false, CURRENT_TIMESTAMP, CURRENT_TIMESTAMP),
       (61, 2, '해운대 뮤직홀', '0000000061', 61, 18, 7, '바다가 보이는 공연장', 50, 90, 'RECTANGLE', 9, 6, 2592000000000000, 604800000000000, true, 30000, true, 55000, false, null, true, 40000, 'https://docs.google.com/document', 'https://docs.google.com/document', 2592000000000000, 1, '인근 공영주차장', false, false, true, true, false, false, true, false, false, false, false, false, false, false, false, CURRENT_TIMESTAMP, CURRENT_TIMESTAMP),
       (62, 2, '송도 아트홀', '0000000062', 62, 14, 6, '최신 시설을 갖춘 복합 공연장', 70, 140, 'RECTANGLE', 11, 7, 2592000000000000, 604800000000000, true, 40000, true, 75000, true, 55000, true, 65000, 'https://docs.google.com/document', 'https://docs.google.com/document', 2592000000000000, 4, '건물 옆 주차장', true, true, true, true, true, true, true, true, true, true, true, true, true, false, false, CURRENT_TIMESTAMP, CURRENT_TIMESTAMP),
       (63, 2, '동성로 재즈홀', '0000000063', 63, 22, 9, '재즈 공연에 특화된 공간', 45, 85, 'RECTANGLE', 8, 5, 2592000000000000, 604800000000000, true, 25000, true, 40000, true, 35000, true, 45000, 'https://docs.google.com/document', 'https://docs.google.com/document', 2592000000000000, 2, '건물 앞', true, false, true, true, false, false, true, false, false, false, false, false, false, false, false, CURRENT_TIMESTAMP, CURRENT_TIMESTAMP),
       (64, 2, '충장로 락홀', '0000000064', 64, 16, 5, '록 밴드를 위한 최적의 공간', 90, 180, 'RECTANGLE', 10, 6, 2592000000000000, 604800000000000, true, 45000, true, 60000, true, 50000, true, 55000, 'https://docs.google.com/document', 'https://docs.google.com/document', 2592000000000000, 6, '건물 지하 주차장', true, true, true, true, true, true, true, true, true, true, true, true, true, false, false, CURRENT_TIMESTAMP, CURRENT_TIMESTAMP),
       (65, 2, '제주 아트홀', '0000000065', 65, 12, 4, '제주의 자연과 어우러진 공연장', 55, 110, 'T', 9, 9, 2592000000000000, 604800000000000, true, 35000, true, 50000, false, null, true, 60000, 'https://docs.google.com/document', 'https://docs.google.com/document', 2592000000000000, 7, '넓은 야외 주차장', true, false, true, true, false, false, true, false, false, false, false, false, false, false, false, CURRENT_TIMESTAMP, CURRENT_TIMESTAMP),
       (66, 2, '포항 어쿠스틱홀', '0000000066', 66, 10, 3, '어쿠스틱 공연에 최적화된 공간', 35, 75, 'RECTANGLE', 7, 5, 2592000000000000, 604800000000000, true, 15000, true, 30000, false, null, true, 35000, 'https://docs.google.com/document', 'https://docs.google.com/document', 2592000000000000, 3, '건물 뒤편', true, false, true, true, false, false, true, true, false, false, false, false, false, false, false, CURRENT_TIMESTAMP, CURRENT_TIMESTAMP),
       (67, 2, '수원 아트홀', '0000000067', 67, 20, 8, '아트 전시와 공연이 함께하는 공간', 80, 150, 'T', 10, 10, 2592000000000000, 604800000000000, true, 50000, true, 70000, true, 50000, true, 80000, 'https://docs.google.com/document', 'https://docs.google.com/document', 2592000000000000, 5, '건물 주차장', true, true, true, true, true, true, true, true, true, true, true, true, true, false, false, CURRENT_TIMESTAMP, CURRENT_TIMESTAMP),
       (68, 2, '마포 빈티지홀', '0000000068', 68, 25, 10, '빈티지한 분위기의 공연장', 60, 120, 'RECTANGLE', 8, 5, 2592000000000000, 604800000000000, true, 30000, true, 55000, false, null, true, 40000, 'https://docs.google.com/document', 'https://docs.google.com/document', 2592000000000000, 2, '건물 뒤편', true, false, true, true, true, false, true, false, false, false, false, false, false, false, false, CURRENT_TIMESTAMP, CURRENT_TIMESTAMP),
       (69, 2, '강남 현대홀', '0000000069', 69, 30, 12, '현대적인 디자인의 공연장', 100, 200, 'T', 12, 8, 2592000000000000, 604800000000000, true, 60000, true, 65000, true, 60000, true, 70000, 'https://docs.google.com/document', 'https://docs.google.com/document', 2592000000000000, 8, '지하 주차장', true, true, true, true, true, true, true, true, true, true, true, true, true, false, false, CURRENT_TIMESTAMP, CURRENT_TIMESTAMP),
       (70, 2, '해운대 뮤직홀', '0000000070', 70, 18, 7, '바다가 보이는 공연장', 50, 90, 'RECTANGLE', 9, 6, 2592000000000000, 604800000000000, true, 30000, true, 55000, false, null, true, 40000, 'https://docs.google.com/document', 'https://docs.google.com/document', 2592000000000000, 1, '인근 공영주차장', false, false, true, true, false, false, true, false, false, false, false, false, false, false, false, CURRENT_TIMESTAMP, CURRENT_TIMESTAMP),
       (71, 2, '송도 아트홀', '0000000071', 71, 14, 6, '최신 시설을 갖춘 복합 공연장', 70, 140, 'RECTANGLE', 11, 7, 2592000000000000, 604800000000000, true, 40000, true, 75000, true, 55000, true, 65000, 'https://docs.google.com/document', 'https://docs.google.com/document', 2592000000000000, 4, '건물 옆 주차장', true, true, true, true, true, true, true, true, true, true, true, true, true, false, false, CURRENT_TIMESTAMP, CURRENT_TIMESTAMP),
       (72, 2, '동성로 재즈홀', '0000000072', 72, 22, 9, '재즈 공연에 특화된 공간', 45, 85, 'RECTANGLE', 8, 5, 2592000000000000, 604800000000000, true, 25000, true, 40000, true, 35000, true, 45000, 'https://docs.google.com/document', 'https://docs.google.com/document', 2592000000000000, 2, '건물 앞', true, false, true, true, false, false, true, false, false, false, false, false, false, false, false, CURRENT_TIMESTAMP, CURRENT_TIMESTAMP),
       (73, 2, '충장로 락홀', '0000000073', 73, 16, 5, '록 밴드를 위한 최적의 공간', 90, 180, 'RECTANGLE', 10, 6, 2592000000000000, 604800000000000, true, 45000, true, 60000, true, 50000, true, 55000, 'https://docs.google.com/document', 'https://docs.google.com/document', 2592000000000000, 6, '건물 지하 주차장', true, true, true, true, true, true, true, true, true, true, true, true, true, false, false, CURRENT_TIMESTAMP, CURRENT_TIMESTAMP),
       (74, 2, '제주 아트홀', '0000000074', 74, 12, 4, '제주의 자연과 어우러진 공연장', 55, 110, 'T', 9, 9, 2592000000000000, 604800000000000, true, 35000, true, 50000, false, null, true, 60000, 'https://docs.google.com/document', 'https://docs.google.com/document', 2592000000000000, 7, '넓은 야외 주차장', true, false, true, true, false, false, true, false, false, false, false, false, false, false, false, CURRENT_TIMESTAMP, CURRENT_TIMESTAMP),
       (75, 2, '포항 어쿠스틱홀', '0000000075', 75, 10, 3, '어쿠스틱 공연에 최적화된 공간', 35, 75, 'RECTANGLE', 7, 5, 2592000000000000, 604800000000000, true, 15000, true, 30000, false, null, true, 35000, 'https://docs.google.com/document', 'https://docs.google.com/document', 2592000000000000, 3, '건물 뒤편', true, false, true, true, false, false, true, true, false, false, false, false, false, false, false, CURRENT_TIMESTAMP, CURRENT_TIMESTAMP),
       (76, 2, '수원 아트홀', '0000000076', 76, 20, 8, '아트 전시와 공연이 함께하는 공간', 80, 150, 'T', 10, 10, 2592000000000000, 604800000000000, true, 50000, true, 70000, true, 50000, true, 80000, 'https://docs.google.com/document', 'https://docs.google.com/document', 2592000000000000, 5, '건물 주차장', true, true, true, true, true, true, true, true, true, true, true, true, true, false, false, CURRENT_TIMESTAMP, CURRENT_TIMESTAMP),
       (77, 2, '마포 빈티지홀', '0000000077', 77, 25, 10, '빈티지한 분위기의 공연장', 60, 120, 'RECTANGLE', 8, 5, 2592000000000000, 604800000000000, true, 30000, true, 55000, false, null, true, 40000, 'https://docs.google.com/document', 'https://docs.google.com/document', 2592000000000000, 2, '건물 뒤편', true, false, true, true, true, false, true, false, false, false, false, false, false, false, false, CURRENT_TIMESTAMP, CURRENT_TIMESTAMP),
       (78, 2, '강남 현대홀', '0000000078', 78, 30, 12, '현대적인 디자인의 공연장', 100, 200, 'T', 12, 8, 2592000000000000, 604800000000000, true, 60000, true, 65000, true, 60000, true, 70000, 'https://docs.google.com/document', 'https://docs.google.com/document', 2592000000000000, 8, '지하 주차장', true, true, true, true, true, true, true, true, true, true, true, true, true, false, false, CURRENT_TIMESTAMP, CURRENT_TIMESTAMP),
       (79, 2, '해운대 뮤직홀', '0000000079', 79, 18, 7, '바다가 보이는 공연장', 50, 90, 'RECTANGLE', 9, 6, 2592000000000000, 604800000000000, true, 30000, true, 55000, false, null, true, 40000, 'https://docs.google.com/document', 'https://docs.google.com/document', 2592000000000000, 1, '인근 공영주차장', false, false, true, true, false, false, true, false, false, false, false, false, false, false, false, CURRENT_TIMESTAMP, CURRENT_TIMESTAMP),
       (80, 2, '송도 아트홀', '0000000080', 80, 14, 6, '최신 시설을 갖춘 복합 공연장', 70, 140, 'RECTANGLE', 11, 7, 2592000000000000, 604800000000000, true, 40000, true, 75000, true, 55000, true, 65000, 'https://docs.google.com/document', 'https://docs.google.com/document', 2592000000000000, 4, '건물 옆 주차장', true, true, true, true, true, true, true, true, true, true, true, true, true, false, false, CURRENT_TIMESTAMP, CURRENT_TIMESTAMP),
       (81, 2, '동성로 재즈홀', '0000000081', 81, 22, 9, '재즈 공연에 특화된 공간', 45, 85, 'RECTANGLE', 8, 5, 2592000000000000, 604800000000000, true, 25000, true, 40000, true, 35000, true, 45000, 'https://docs.google.com/document', 'https://docs.google.com/document', 2592000000000000, 2, '건물 앞', true, false, true, true, false, false, true, false, false, false, false, false, false, false, false, CURRENT_TIMESTAMP, CURRENT_TIMESTAMP),
       (82, 2, '충장로 락홀', '0000000082', 82, 16, 5, '록 밴드를 위한 최적의 공간', 90, 180, 'RECTANGLE', 10, 6, 2592000000000000, 604800000000000, true, 45000, true, 60000, true, 50000, true, 55000, 'https://docs.google.com/document', 'https://docs.google.com/document', 2592000000000000, 6, '건물 지하 주차장', true, true, true, true, true, true, true, true, true, true, true, true, true, false, false, CURRENT_TIMESTAMP, CURRENT_TIMESTAMP),
       (83, 2, '제주 아트홀', '0000000083', 83, 12, 4, '제주의 자연과 어우러진 공연장', 55, 110, 'T', 9, 9, 2592000000000000, 604800000000000, true, 35000, true, 50000, false, null, true, 60000, 'https://docs.google.com/document', 'https://docs.google.com/document', 2592000000000000, 7, '넓은 야외 주차장', true, false, true, true, false, false, true, false, true, false, true, false, false, false, false, CURRENT_TIMESTAMP, CURRENT_TIMESTAMP),
       (84, 2, '포항 어쿠스틱홀', '0000000084', 84, 10, 3, '어쿠스틱 공연에 최적화된 공간', 35, 75, 'RECTANGLE', 7, 5, 2592000000000000, 604800000000000, true, 15000, true, 30000, false, null, true, 35000, 'https://docs.google.com/document', 'https://docs.google.com/document', 2592000000000000, 3, '건물 뒤편', true, false, true, true, false, false, true, true, false, false, false, false, false, false, false, CURRENT_TIMESTAMP, CURRENT_TIMESTAMP),
       (85, 2, '수원 아트홀', '0000000085', 85, 20, 8, '아트 전시와 공연이 함께하는 공간', 80, 150, 'T', 10, 10, 2592000000000000, 604800000000000, true, 50000, true, 70000, true, 50000, true, 80000, 'https://docs.google.com/document', 'https://docs.google.com/document', 2592000000000000, 5, '건물 주차장', true, true, true, true, true, true, true, true, true, true, true, true, true, false, false, CURRENT_TIMESTAMP, CURRENT_TIMESTAMP),
       (86, 2, '마포 빈티지홀', '0000000086', 86, 25, 10, '빈티지한 분위기의 공연장', 60, 120, 'RECTANGLE', 8, 5, 2592000000000000, 604800000000000, true, 30000, true, 55000, false, null, true, 40000, 'https://docs.google.com/document', 'https://docs.google.com/document', 2592000000000000, 2, '건물 뒤편', true, false, true, true, true, false, true, false, false, false, false, false, false, false, false, CURRENT_TIMESTAMP, CURRENT_TIMESTAMP),
       (87, 2, '강남 현대홀', '0000000087', 87, 30, 12, '현대적인 디자인의 공연장', 100, 200, 'T', 12, 8, 2592000000000000, 604800000000000, true, 60000, true, 65000, true, 60000, true, 70000, 'https://docs.google.com/document', 'https://docs.google.com/document', 2592000000000000, 8, '지하 주차장', true, true, true, true, true, true, true, true, true, true, true, true, true, false, false, CURRENT_TIMESTAMP, CURRENT_TIMESTAMP),
       (88, 2, '해운대 뮤직홀', '0000000088', 88, 18, 7, '바다가 보이는 공연장', 50, 90, 'RECTANGLE', 9, 6, 2592000000000000, 604800000000000, true, 30000, true, 55000, false, null, true, 40000, 'https://docs.google.com/document', 'https://docs.google.com/document', 2592000000000000, 1, '인근 공영주차장', false, false, true, true, false, false, true, false, false, false, false, false, false, false, false, CURRENT_TIMESTAMP, CURRENT_TIMESTAMP),
       (89, 2, '송도 아트홀', '0000000089', 89, 14, 6, '최신 시설을 갖춘 복합 공연장', 70, 140, 'RECTANGLE', 11, 7, 2592000000000000, 604800000000000, true, 40000, true, 75000, true, 55000, true, 65000, 'https://docs.google.com/document', 'https://docs.google.com/document', 2592000000000000, 4, '건물 옆 주차장', true, true, true, true, true, true, true, true, true, true, true, true, true, false, false, CURRENT_TIMESTAMP, CURRENT_TIMESTAMP),
       (90, 2, '동성로 재즈홀', '0000000090', 90, 22, 9, '재즈 공연에 특화된 공간', 45, 85, 'RECTANGLE', 8, 5, 2592000000000000, 604800000000000, true, 25000, true, 40000, true, 35000, true, 45000, 'https://docs.google.com/document', 'https://docs.google.com/document', 2592000000000000, 2, '건물 앞', true, false, true, true, false, false, true, false, false, false, false, false, false, false, false, CURRENT_TIMESTAMP, CURRENT_TIMESTAMP),
       (91, 2, '충장로 락홀', '0000000091', 91, 16, 5, '록 밴드를 위한 최적의 공간', 90, 180, 'RECTANGLE', 10, 6, 2592000000000000, 604800000000000, true, 45000, true, 60000, true, 50000, true, 55000, 'https://docs.google.com/document', 'https://docs.google.com/document', 2592000000000000, 6, '건물 지하 주차장', true, true, true, true, true, true, true, true, true, true, true, true, true, false, false, CURRENT_TIMESTAMP, CURRENT_TIMESTAMP),
       (92, 2, '제주 아트홀', '0000000092', 92, 12, 4, '제주의 자연과 어우러진 공연장', 55, 110, 'T', 9, 9, 2592000000000000, 604800000000000, true, 35000, true, 50000, false, null, true, 60000, 'https://docs.google.com/document', 'https://docs.google.com/document', 2592000000000000, 7, '넓은 야외 주차장', true, false, true, true, false, false, true, false, true, false, true, false, false, false, false, CURRENT_TIMESTAMP, CURRENT_TIMESTAMP),
       (93, 2, '포항 어쿠스틱홀', '0000000093', 93, 10, 3, '어쿠스틱 공연에 최적화된 공간', 35, 75, 'RECTANGLE', 7, 5, 2592000000000000, 604800000000000, true, 15000, true, 30000, false, null, true, 35000, 'https://docs.google.com/document', 'https://docs.google.com/document', 2592000000000000, 3, '건물 뒤편', true, false, true, true, false, false, true, true, false, false, false, false, false, false, false, CURRENT_TIMESTAMP, CURRENT_TIMESTAMP),
       (94, 2, '수원 아트홀', '0000000094', 94, 20, 8, '아트 전시와 공연이 함께하는 공간', 80, 150, 'T', 10, 10, 2592000000000000, 604800000000000, true, 50000, true, 70000, true, 50000, true, 80000, 'https://docs.google.com/document', 'https://docs.google.com/document', 2592000000000000, 5, '건물 주차장', true, true, true, true, true, true, true, true, true, true, true, true, true, false, false, CURRENT_TIMESTAMP, CURRENT_TIMESTAMP),
       (95, 2, '마포 빈티지홀', '0000000095', 95, 25, 10, '빈티지한 분위기의 공연장', 60, 120, 'RECTANGLE', 8, 5, 2592000000000000, 604800000000000, true, 30000, true, 55000, false, null, true, 40000, 'https://docs.google.com/document', 'https://docs.google.com/document', 2592000000000000, 2, '건물 뒤편', true, false, true, true, true, false, true, false, false, false, false, false, false, false, false, CURRENT_TIMESTAMP, CURRENT_TIMESTAMP),
       (96, 2, '강남 현대홀', '0000000096', 96, 30, 12, '현대적인 디자인의 공연장', 100, 200, 'T', 12, 8, 2592000000000000, 604800000000000, true, 60000, true, 65000, true, 60000, true, 70000, 'https://docs.google.com/document', 'https://docs.google.com/document', 2592000000000000, 8, '지하 주차장', true, true, true, true, true, true, true, true, true, true, true, true, true, false, false, CURRENT_TIMESTAMP, CURRENT_TIMESTAMP),
       (97, 2, '해운대 뮤직홀', '0000000097', 97, 18, 7, '바다가 보이는 공연장', 50, 90, 'RECTANGLE', 9, 6, 2592000000000000, 604800000000000, true, 30000, true, 55000, false, null, true, 40000, 'https://docs.google.com/document', 'https://docs.google.com/document', 2592000000000000, 1, '인근 공영주차장', false, false, true, true, false, false, true, false, false, false, false, false, false, false, false, CURRENT_TIMESTAMP, CURRENT_TIMESTAMP),
       (98, 2, '송도 아트홀', '0000000098', 98, 14, 6, '최신 시설을 갖춘 복합 공연장', 70, 140, 'RECTANGLE', 11, 7, 2592000000000000, 604800000000000, true, 40000, true, 75000, true, 55000, true, 65000, 'https://docs.google.com/document', 'https://docs.google.com/document', 2592000000000000, 4, '건물 옆 주차장', true, true, true, true, true, true, true, true, true, true, true, true, true, false, false, CURRENT_TIMESTAMP, CURRENT_TIMESTAMP),
       (99, 2, '동성로 재즈홀', '0000000099', 99, 22, 9, '재즈 공연에 특화된 공간', 45, 85, 'RECTANGLE', 8, 5, 2592000000000000, 604800000000000, true, 25000, true, 40000, true, 35000, true, 45000, 'https://docs.google.com/document', 'https://docs.google.com/document', 2592000000000000, 2, '건물 앞', true, false, true, true, false, false, true, false, false, false, false, false, false, false, false, CURRENT_TIMESTAMP, CURRENT_TIMESTAMP),
       (100, 2, '충장로 락홀', '0000000100', 100, 16, 5, '록 밴드를 위한 최적의 공간', 90, 180, 'RECTANGLE', 10, 6, 2592000000000000, 604800000000000, true, 45000, true, 60000, true, 50000, true, 55000, 'https://docs.google.com/document', 'https://docs.google.com/document', 2592000000000000, 6, '건물 지하 주차장', true, true, true, true, true, true, true, true, true, true, true, true, true, false, false, CURRENT_TIMESTAMP, CURRENT_TIMESTAMP);

INSERT INTO stage_images (stage_id, images)
VALUES (1, 'https://d3j0mzt56d6iv2.cloudfront.net/images/o/test/poster-1.png'),
       (2, 'https://d3j0mzt56d6iv2.cloudfront.net/images/o/test/poster-2.png'),
       (3, 'https://d3j0mzt56d6iv2.cloudfront.net/images/o/test/poster-3.png'),
       (4, 'https://d3j0mzt56d6iv2.cloudfront.net/images/o/test/poster-1.png'),
       (5, 'https://d3j0mzt56d6iv2.cloudfront.net/images/o/test/poster-2.png'),
       (6, 'https://d3j0mzt56d6iv2.cloudfront.net/images/o/test/poster-3.png'),
       (7, 'https://d3j0mzt56d6iv2.cloudfront.net/images/o/test/poster-1.png'),
       (8, 'https://d3j0mzt56d6iv2.cloudfront.net/images/o/test/poster-2.png'),
       (9, 'https://d3j0mzt56d6iv2.cloudfront.net/images/o/test/poster-3.png'),
       (10, 'https://d3j0mzt56d6iv2.cloudfront.net/images/o/test/poster-1.png'),
       (11, 'https://d3j0mzt56d6iv2.cloudfront.net/images/o/test/poster-2.png'),
       (12, 'https://d3j0mzt56d6iv2.cloudfront.net/images/o/test/poster-3.png'),
       (13, 'https://d3j0mzt56d6iv2.cloudfront.net/images/o/test/poster-1.png'),
       (14, 'https://d3j0mzt56d6iv2.cloudfront.net/images/o/test/poster-2.png'),
       (15, 'https://d3j0mzt56d6iv2.cloudfront.net/images/o/test/poster-3.png'),
       (16, 'https://d3j0mzt56d6iv2.cloudfront.net/images/o/test/poster-1.png'),
       (17, 'https://d3j0mzt56d6iv2.cloudfront.net/images/o/test/poster-2.png'),
       (18, 'https://d3j0mzt56d6iv2.cloudfront.net/images/o/test/poster-3.png'),
       (19, 'https://d3j0mzt56d6iv2.cloudfront.net/images/o/test/poster-1.png'),
       (20, 'https://d3j0mzt56d6iv2.cloudfront.net/images/o/test/poster-2.png'),
       (21, 'https://d3j0mzt56d6iv2.cloudfront.net/images/o/test/poster-3.png'),
       (22, 'https://d3j0mzt56d6iv2.cloudfront.net/images/o/test/poster-1.png'),
       (23, 'https://d3j0mzt56d6iv2.cloudfront.net/images/o/test/poster-2.png'),
       (24, 'https://d3j0mzt56d6iv2.cloudfront.net/images/o/test/poster-3.png'),
       (25, 'https://d3j0mzt56d6iv2.cloudfront.net/images/o/test/poster-1.png'),
       (26, 'https://d3j0mzt56d6iv2.cloudfront.net/images/o/test/poster-2.png'),
       (27, 'https://d3j0mzt56d6iv2.cloudfront.net/images/o/test/poster-3.png'),
       (28, 'https://d3j0mzt56d6iv2.cloudfront.net/images/o/test/poster-1.png'),
       (29, 'https://d3j0mzt56d6iv2.cloudfront.net/images/o/test/poster-2.png'),
       (30, 'https://d3j0mzt56d6iv2.cloudfront.net/images/o/test/poster-3.png'),
       (31, 'https://d3j0mzt56d6iv2.cloudfront.net/images/o/test/poster-1.png'),
       (32, 'https://d3j0mzt56d6iv2.cloudfront.net/images/o/test/poster-2.png'),
       (33, 'https://d3j0mzt56d6iv2.cloudfront.net/images/o/test/poster-3.png'),
       (34, 'https://d3j0mzt56d6iv2.cloudfront.net/images/o/test/poster-1.png'),
       (35, 'https://d3j0mzt56d6iv2.cloudfront.net/images/o/test/poster-2.png'),
       (36, 'https://d3j0mzt56d6iv2.cloudfront.net/images/o/test/poster-3.png'),
       (37, 'https://d3j0mzt56d6iv2.cloudfront.net/images/o/test/poster-1.png'),
       (38, 'https://d3j0mzt56d6iv2.cloudfront.net/images/o/test/poster-2.png'),
       (39, 'https://d3j0mzt56d6iv2.cloudfront.net/images/o/test/poster-3.png'),
       (40, 'https://d3j0mzt56d6iv2.cloudfront.net/images/o/test/poster-1.png'),
       (41, 'https://d3j0mzt56d6iv2.cloudfront.net/images/o/test/poster-2.png'),
       (42, 'https://d3j0mzt56d6iv2.cloudfront.net/images/o/test/poster-3.png'),
       (43, 'https://d3j0mzt56d6iv2.cloudfront.net/images/o/test/poster-1.png'),
       (44, 'https://d3j0mzt56d6iv2.cloudfront.net/images/o/test/poster-2.png'),
       (45, 'https://d3j0mzt56d6iv2.cloudfront.net/images/o/test/poster-3.png'),
       (46, 'https://d3j0mzt56d6iv2.cloudfront.net/images/o/test/poster-1.png'),
       (47, 'https://d3j0mzt56d6iv2.cloudfront.net/images/o/test/poster-2.png'),
       (48, 'https://d3j0mzt56d6iv2.cloudfront.net/images/o/test/poster-3.png'),
       (49, 'https://d3j0mzt56d6iv2.cloudfront.net/images/o/test/poster-1.png'),
       (50, 'https://d3j0mzt56d6iv2.cloudfront.net/images/o/test/poster-2.png'),
       (51, 'https://d3j0mzt56d6iv2.cloudfront.net/images/o/test/poster-3.png'),
       (52, 'https://d3j0mzt56d6iv2.cloudfront.net/images/o/test/poster-1.png'),
       (53, 'https://d3j0mzt56d6iv2.cloudfront.net/images/o/test/poster-2.png'),
       (54, 'https://d3j0mzt56d6iv2.cloudfront.net/images/o/test/poster-3.png'),
       (55, 'https://d3j0mzt56d6iv2.cloudfront.net/images/o/test/poster-1.png'),
       (56, 'https://d3j0mzt56d6iv2.cloudfront.net/images/o/test/poster-2.png'),
       (57, 'https://d3j0mzt56d6iv2.cloudfront.net/images/o/test/poster-3.png'),
       (58, 'https://d3j0mzt56d6iv2.cloudfront.net/images/o/test/poster-1.png'),
       (59, 'https://d3j0mzt56d6iv2.cloudfront.net/images/o/test/poster-2.png'),
       (60, 'https://d3j0mzt56d6iv2.cloudfront.net/images/o/test/poster-3.png'),
       (61, 'https://d3j0mzt56d6iv2.cloudfront.net/images/o/test/poster-1.png'),
       (62, 'https://d3j0mzt56d6iv2.cloudfront.net/images/o/test/poster-2.png'),
       (63, 'https://d3j0mzt56d6iv2.cloudfront.net/images/o/test/poster-3.png'),
       (64, 'https://d3j0mzt56d6iv2.cloudfront.net/images/o/test/poster-1.png'),
       (65, 'https://d3j0mzt56d6iv2.cloudfront.net/images/o/test/poster-2.png'),
       (66, 'https://d3j0mzt56d6iv2.cloudfront.net/images/o/test/poster-3.png'),
       (67, 'https://d3j0mzt56d6iv2.cloudfront.net/images/o/test/poster-1.png'),
       (68, 'https://d3j0mzt56d6iv2.cloudfront.net/images/o/test/poster-2.png'),
       (69, 'https://d3j0mzt56d6iv2.cloudfront.net/images/o/test/poster-3.png'),
       (70, 'https://d3j0mzt56d6iv2.cloudfront.net/images/o/test/poster-1.png'),
       (71, 'https://d3j0mzt56d6iv2.cloudfront.net/images/o/test/poster-2.png'),
       (72, 'https://d3j0mzt56d6iv2.cloudfront.net/images/o/test/poster-3.png'),
       (73, 'https://d3j0mzt56d6iv2.cloudfront.net/images/o/test/poster-1.png'),
       (74, 'https://d3j0mzt56d6iv2.cloudfront.net/images/o/test/poster-2.png'),
       (75, 'https://d3j0mzt56d6iv2.cloudfront.net/images/o/test/poster-3.png'),
       (76, 'https://d3j0mzt56d6iv2.cloudfront.net/images/o/test/poster-1.png'),
       (77, 'https://d3j0mzt56d6iv2.cloudfront.net/images/o/test/poster-2.png'),
       (78, 'https://d3j0mzt56d6iv2.cloudfront.net/images/o/test/poster-3.png'),
       (79, 'https://d3j0mzt56d6iv2.cloudfront.net/images/o/test/poster-1.png'),
       (80, 'https://d3j0mzt56d6iv2.cloudfront.net/images/o/test/poster-2.png'),
       (81, 'https://d3j0mzt56d6iv2.cloudfront.net/images/o/test/poster-3.png'),
       (82, 'https://d3j0mzt56d6iv2.cloudfront.net/images/o/test/poster-1.png'),
       (83, 'https://d3j0mzt56d6iv2.cloudfront.net/images/o/test/poster-2.png'),
       (84, 'https://d3j0mzt56d6iv2.cloudfront.net/images/o/test/poster-3.png'),
       (85, 'https://d3j0mzt56d6iv2.cloudfront.net/images/o/test/poster-1.png'),
       (86, 'https://d3j0mzt56d6iv2.cloudfront.net/images/o/test/poster-2.png'),
       (87, 'https://d3j0mzt56d6iv2.cloudfront.net/images/o/test/poster-3.png'),
       (88, 'https://d3j0mzt56d6iv2.cloudfront.net/images/o/test/poster-1.png'),
       (89, 'https://d3j0mzt56d6iv2.cloudfront.net/images/o/test/poster-2.png'),
       (90, 'https://d3j0mzt56d6iv2.cloudfront.net/images/o/test/poster-3.png'),
       (91, 'https://d3j0mzt56d6iv2.cloudfront.net/images/o/test/poster-1.png'),
       (92, 'https://d3j0mzt56d6iv2.cloudfront.net/images/o/test/poster-2.png'),
       (93, 'https://d3j0mzt56d6iv2.cloudfront.net/images/o/test/poster-3.png'),
       (94, 'https://d3j0mzt56d6iv2.cloudfront.net/images/o/test/poster-1.png'),
       (95, 'https://d3j0mzt56d6iv2.cloudfront.net/images/o/test/poster-2.png'),
       (96, 'https://d3j0mzt56d6iv2.cloudfront.net/images/o/test/poster-3.png'),
       (97, 'https://d3j0mzt56d6iv2.cloudfront.net/images/o/test/poster-1.png'),
       (98, 'https://d3j0mzt56d6iv2.cloudfront.net/images/o/test/poster-2.png'),
       (99, 'https://d3j0mzt56d6iv2.cloudfront.net/images/o/test/poster-3.png'),
       (100, 'https://d3j0mzt56d6iv2.cloudfront.net/images/o/test/poster-1.png');

INSERT INTO stage_tags (stage_id, tags)
VALUES (1, '따뜻한'),
       (1, '세련된'),
       (1, '재즈'),
       (2, '따뜻한'),
       (2, '세련된'),
       (2, '재즈'),
       (3, '활기찬'),
       (3, '인디'),
       (3, '락'),
       (4, '따뜻한'),
       (4, '넓은'),
       (4, '힙합'),
       (5, '아늑한'),
       (5, '재즈'),
       (5, '어쿠스틱'),
       (6, '현대적'),
       (6, '첨단'),
       (6, '따뜻한'),
       (7, '소규모'),
       (7, '빈티지'),
       (7, '포크'),
       (8, '따뜻한'),
       (8, '우아한'),
       (8, '재즈'),
       (9, '세련된'),
       (9, '세련된'),
       (9, '소울'),
       (10, '열정적'),
       (10, '하드코어'),
       (10, '메탈'),
       (11, '자연친화적'),
       (11, '이국적'),
       (11, '빈티지'),
       (12, '아담한'),
       (12, '정겨운'),
       (12, '트로트'),
       (13, '따뜻한'),
       (13, '세련된'),
       (13, '재즈'),
       (14, '따뜻한'),
       (14, '세련된'),
       (14, '재즈'),
       (15, '활기찬'),
       (15, '인디'),
       (15, '락'),
       (16, '따뜻한'),
       (16, '넓은'),
       (16, '힙합'),
       (17, '따뜻한'),
       (17, '세련된'),
       (17, '재즈'),
       (18, '따뜻한'),
       (18, '세련된'),
       (18, '재즈'),
       (19, '활기찬'),
       (19, '인디'),
       (19, '락'),
       (20, '따뜻한'),
       (20, '넓은'),
       (20, '힙합'),
       (21, '아늑한'),
       (21, '재즈'),
       (21, '어쿠스틱'),
       (22, '현대적'),
       (22, '첨단'),
       (22, '따뜻한'),
       (23, '소규모'),
       (23, '빈티지'),
       (23, '포크'),
       (24, '따뜻한'),
       (24, '우아한'),
       (24, '재즈'),
       (25, '세련된'),
       (25, '세련된'),
       (25, '소울'),
       (26, '열정적'),
       (26, '하드코어'),
       (26, '메탈'),
       (27, '자연친화적'),
       (27, '이국적'),
       (27, '빈티지'),
       (28, '아담한'),
       (28, '정겨운'),
       (28, '트로트'),
       (29, '따뜻한'),
       (29, '세련된'),
       (29, '재즈'),
       (30, '따뜻한'),
       (30, '세련된'),
       (30, '재즈'),
       (31, '활기찬'),
       (31, '인디'),
       (31, '락'),
       (32, '따뜻한'),
       (32, '넓은'),
       (32, '힙합'),
       (33, '따뜻한'),
       (33, '세련된'),
       (33, '재즈'),
       (34, '따뜻한'),
       (34, '세련된'),
       (34, '재즈'),
       (35, '활기찬'),
       (35, '인디'),
       (35, '락'),
       (36, '따뜻한'),
       (36, '넓은'),
       (36, '힙합'),
       (37, '아늑한'),
       (37, '재즈'),
       (37, '어쿠스틱'),
       (38, '현대적'),
       (38, '첨단'),
       (38, '따뜻한'),
       (39, '소규모'),
       (39, '빈티지'),
       (39, '포크'),
       (40, '따뜻한'),
       (40, '우아한'),
       (40, '재즈'),
       (41, '세련된'),
       (41, '세련된'),
       (41, '소울'),
       (42, '열정적'),
       (42, '하드코어'),
       (42, '메탈'),
       (43, '자연친화적'),
       (43, '이국적'),
       (43, '빈티지'),
       (44, '아담한'),
       (44, '정겨운'),
       (44, '트로트'),
       (45, '따뜻한'),
       (45, '세련된'),
       (45, '재즈'),
       (46, '따뜻한'),
       (46, '세련된'),
       (46, '재즈'),
       (47, '활기찬'),
       (47, '인디'),
       (47, '락'),
       (48, '따뜻한'),
       (48, '넓은'),
       (48, '힙합'),
       (49, '아늑한'),
       (49, '재즈'),
       (49, '어쿠스틱'),
       (50, '현대적'),
       (50, '첨단'),
       (50, '따뜻한'),
       (51, '소규모'),
       (51, '빈티지'),
       (51, '포크'),
       (52, '따뜻한'),
       (52, '우아한'),
       (52, '재즈'),
       (53, '세련된'),
       (53, '세련된'),
       (53, '소울'),
       (54, '열정적'),
       (54, '하드코어'),
       (54, '메탈'),
       (55, '자연친화적'),
       (55, '이국적'),
       (55, '빈티지'),
       (56, '아담한'),
       (56, '정겨운'),
       (56, '트로트'),
       (57, '따뜻한'),
       (57, '세련된'),
       (57, '재즈'),
       (58, '따뜻한'),
       (58, '세련된'),
       (58, '재즈'),
       (59, '활기찬'),
       (59, '인디'),
       (59, '락'),
       (60, '따뜻한'),
       (60, '넓은'),
       (60, '힙합'),
       (61, '따뜻한'),
       (61, '세련된'),
       (61, '재즈'),
       (62, '따뜻한'),
       (62, '세련된'),
       (62, '재즈'),
       (63, '활기찬'),
       (63, '인디'),
       (63, '락'),
       (64, '따뜻한'),
       (64, '넓은'),
       (64, '힙합'),
       (65, '아늑한'),
       (65, '재즈'),
       (65, '어쿠스틱'),
       (66, '현대적'),
       (66, '첨단'),
       (66, '따뜻한'),
       (67, '소규모'),
       (67, '빈티지'),
       (67, '포크'),
       (68, '따뜻한'),
       (68, '우아한'),
       (68, '재즈'),
       (69, '세련된'),
       (69, '세련된'),
       (69, '소울'),
       (70, '열정적'),
       (70, '하드코어'),
       (70, '메탈'),
       (71, '자연친화적'),
       (71, '이국적'),
       (71, '빈티지'),
       (72, '아담한'),
       (72, '정겨운'),
       (72, '트로트'),
       (73, '따뜻한'),
       (73, '세련된'),
       (73, '재즈'),
       (74, '따뜻한'),
       (74, '세련된'),
       (74, '재즈'),
       (75, '활기찬'),
       (75, '인디'),
       (75, '락'),
       (76, '따뜻한'),
       (76, '넓은'),
       (76, '힙합'),
       (77, '따뜻한'),
       (77, '세련된'),
       (77, '재즈'),
       (78, '따뜻한'),
       (78, '세련된'),
       (78, '재즈'),
       (79, '활기찬'),
       (79, '인디'),
       (79, '락'),
       (80, '따뜻한'),
       (80, '넓은'),
       (80, '힙합'),
       (81, '아늑한'),
       (81, '재즈'),
       (81, '어쿠스틱'),
       (82, '현대적'),
       (82, '첨단'),
       (82, '따뜻한'),
       (83, '소규모'),
       (83, '빈티지'),
       (83, '포크'),
       (84, '따뜻한'),
       (84, '우아한'),
       (84, '재즈'),
       (85, '세련된'),
       (85, '세련된'),
       (85, '소울'),
       (86, '열정적'),
       (86, '하드코어'),
       (86, '메탈'),
       (87, '자연친화적'),
       (87, '이국적'),
       (87, '빈티지'),
       (88, '아담한'),
       (88, '정겨운'),
       (88, '트로트'),
       (89, '따뜻한'),
       (89, '세련된'),
       (89, '재즈'),
       (90, '따뜻한'),
       (90, '세련된'),
       (90, '재즈'),
       (91, '활기찬'),
       (91, '인디'),
       (91, '락'),
       (92, '따뜻한'),
       (92, '넓은'),
       (92, '힙합'),
       (93, '아늑한'),
       (93, '재즈'),
       (93, '어쿠스틱'),
       (94, '현대적'),
       (94, '첨단'),
       (94, '따뜻한'),
       (95, '소규모'),
       (95, '빈티지'),
       (95, '포크'),
       (96, '따뜻한'),
       (96, '우아한'),
       (96, '재즈'),
       (97, '세련된'),
       (97, '세련된'),
       (97, '소울'),
       (98, '열정적'),
       (98, '하드코어'),
       (98, '메탈'),
       (99, '자연친화적'),
       (99, '이국적'),
       (99, '빈티지'),
       (100, '아담한'),
       (100, '정겨운'),
       (100, '트로트');

INSERT INTO stage_links (stage_id, links)
VALUES (1, 'https://www.ontherec.kr'),
       (2, 'https://www.ontherec.kr'),
       (3, 'https://www.ontherec.kr'),
       (4, 'https://www.ontherec.kr'),
       (5, 'https://www.ontherec.kr'),
       (6, 'https://www.ontherec.kr'),
       (7, 'https://www.ontherec.kr'),
       (8, 'https://www.ontherec.kr'),
       (9, 'https://www.ontherec.kr'),
       (10, 'https://www.ontherec.kr'),
       (11, 'https://www.ontherec.kr'),
       (12, 'https://www.ontherec.kr'),
       (13, 'https://www.ontherec.kr'),
       (14, 'https://www.ontherec.kr'),
       (15, 'https://www.ontherec.kr'),
       (16, 'https://www.ontherec.kr'),
       (17, 'https://www.ontherec.kr'),
       (18, 'https://www.ontherec.kr'),
       (19, 'https://www.ontherec.kr'),
       (20, 'https://www.ontherec.kr'),
       (21, 'https://www.ontherec.kr'),
       (22, 'https://www.ontherec.kr'),
       (23, 'https://www.ontherec.kr'),
       (24, 'https://www.ontherec.kr'),
       (25, 'https://www.ontherec.kr'),
       (26, 'https://www.ontherec.kr'),
       (27, 'https://www.ontherec.kr'),
       (28, 'https://www.ontherec.kr'),
       (29, 'https://www.ontherec.kr'),
       (30, 'https://www.ontherec.kr'),
       (31, 'https://www.ontherec.kr'),
       (32, 'https://www.ontherec.kr'),
       (33, 'https://www.ontherec.kr'),
       (34, 'https://www.ontherec.kr'),
       (35, 'https://www.ontherec.kr'),
       (36, 'https://www.ontherec.kr'),
       (37, 'https://www.ontherec.kr'),
       (38, 'https://www.ontherec.kr'),
       (39, 'https://www.ontherec.kr'),
       (40, 'https://www.ontherec.kr'),
       (41, 'https://www.ontherec.kr'),
       (42, 'https://www.ontherec.kr'),
       (43, 'https://www.ontherec.kr'),
       (44, 'https://www.ontherec.kr'),
       (45, 'https://www.ontherec.kr'),
       (46, 'https://www.ontherec.kr'),
       (47, 'https://www.ontherec.kr'),
       (48, 'https://www.ontherec.kr'),
       (49, 'https://www.ontherec.kr'),
       (50, 'https://www.ontherec.kr'),
       (51, 'https://www.ontherec.kr'),
       (52, 'https://www.ontherec.kr'),
       (53, 'https://www.ontherec.kr'),
       (54, 'https://www.ontherec.kr'),
       (55, 'https://www.ontherec.kr'),
       (56, 'https://www.ontherec.kr'),
       (57, 'https://www.ontherec.kr'),
       (58, 'https://www.ontherec.kr'),
       (59, 'https://www.ontherec.kr'),
       (60, 'https://www.ontherec.kr'),
       (61, 'https://www.ontherec.kr'),
       (62, 'https://www.ontherec.kr'),
       (63, 'https://www.ontherec.kr'),
       (64, 'https://www.ontherec.kr'),
       (65, 'https://www.ontherec.kr'),
       (66, 'https://www.ontherec.kr'),
       (67, 'https://www.ontherec.kr'),
       (68, 'https://www.ontherec.kr'),
       (69, 'https://www.ontherec.kr'),
       (70, 'https://www.ontherec.kr'),
       (71, 'https://www.ontherec.kr'),
       (72, 'https://www.ontherec.kr'),
       (73, 'https://www.ontherec.kr'),
       (74, 'https://www.ontherec.kr'),
       (75, 'https://www.ontherec.kr'),
       (76, 'https://www.ontherec.kr'),
       (77, 'https://www.ontherec.kr'),
       (78, 'https://www.ontherec.kr'),
       (79, 'https://www.ontherec.kr'),
       (80, 'https://www.ontherec.kr'),
       (81, 'https://www.ontherec.kr'),
       (82, 'https://www.ontherec.kr'),
       (83, 'https://www.ontherec.kr'),
       (84, 'https://www.ontherec.kr'),
       (85, 'https://www.ontherec.kr'),
       (86, 'https://www.ontherec.kr'),
       (87, 'https://www.ontherec.kr'),
       (88, 'https://www.ontherec.kr'),
       (89, 'https://www.ontherec.kr'),
       (90, 'https://www.ontherec.kr'),
       (91, 'https://www.ontherec.kr'),
       (92, 'https://www.ontherec.kr'),
       (93, 'https://www.ontherec.kr'),
       (94, 'https://www.ontherec.kr'),
       (95, 'https://www.ontherec.kr'),
       (96, 'https://www.ontherec.kr'),
       (97, 'https://www.ontherec.kr'),
       (98, 'https://www.ontherec.kr'),
       (99, 'https://www.ontherec.kr'),
       (100, 'https://www.ontherec.kr');

INSERT INTO stage_holidays (stage_id, holidays)
VALUES (1, '설날'),
       (2, '설날'),
       (3, '성탄절'),
       (4, '추석'),
       (5, '설날'),
       (6, '성탄절'),
       (7, '추석'),
       (8, '광복절'),
       (9, '추석'),
       (10, '성탄절'),
       (11, '설날'),
       (12, '광복절'),
       (13, '추석'),
       (14, '설날'),
       (15, '성탄절'),
       (16, '추석'),
       (17, '광복절'),
       (18, '설날'),
       (19, '성탄절'),
       (20, '추석'),
       (21, '설날'),
       (22, '성탄절'),
       (23, '추석'),
       (24, '광복절'),
       (25, '설날'),
       (26, '성탄절'),
       (27, '추석'),
       (28, '설날'),
       (29, '성탄절'),
       (30, '추석'),
       (31, '광복절'),
       (32, '설날'),
       (33, '성탄절'),
       (34, '추석'),
       (35, '설날'),
       (36, '성탄절'),
       (37, '추석'),
       (38, '광복절'),
       (39, '설날'),
       (40, '성탄절'),
       (41, '추석'),
       (42, '설날'),
       (43, '성탄절'),
       (44, '추석'),
       (45, '광복절'),
       (46, '설날'),
       (47, '성탄절'),
       (48, '추석'),
       (49, '설날'),
       (50, '성탄절'),
       (51, '추석'),
       (52, '광복절'),
       (53, '설날'),
       (54, '성탄절'),
       (55, '추석'),
       (56, '설날'),
       (57, '성탄절'),
       (58, '추석'),
       (59, '광복절'),
       (60, '설날'),
       (61, '성탄절'),
       (62, '추석'),
       (63, '설날'),
       (64, '성탄절'),
       (65, '추석'),
       (66, '광복절'),
       (67, '설날'),
       (68, '성탄절'),
       (69, '추석'),
       (70, '설날'),
       (71, '성탄절'),
       (72, '추석'),
       (73, '광복절'),
       (74, '설날'),
       (75, '성탄절'),
       (76, '추석'),
       (77, '설날'),
       (78, '성탄절'),
       (79, '추석'),
       (80, '광복절'),
       (81, '설날'),
       (82, '성탄절'),
       (83, '추석'),
       (84, '설날'),
       (85, '성탄절'),
       (86, '추석'),
       (87, '광복절'),
       (88, '설날'),
       (89, '성탄절'),
       (90, '추석'),
       (91, '설날'),
       (92, '성탄절'),
       (93, '추석'),
       (94, '광복절'),
       (95, '설날'),
       (96, '성탄절'),
       (97, '추석'),
       (98, '설날'),
       (99, '성탄절'),
       (100, '추석');

INSERT INTO stage_time_block (id, time_blocks_id, dow, start_time, end_time, standard_time, standard_price, extra_per_unit)
VALUES (1, 1, 'MON', '09:00:00', '18:00:00', 10800000000000, 300000, 20000),
       (2, 1, 'MON', '09:00:00', '18:00:00', 10800000000000, 300000, 20000),
       (3, 2, 'TUE', '10:00:00', '20:00:00', 10800000000000, 250000, 15000),
       (4, 2, 'WED', '13:00:00', '22:00:00', 10800000000000, 350000, 25000),
       (5, 3, 'THU', '11:00:00', '19:00:00', 10800000000000, 280000, 18000),
       (6, 3, 'FRI', '14:00:00', '23:00:00', 10800000000000, 400000, 30000),
       (7, 4, 'SAT', '12:00:00', '21:00:00', 10800000000000, 320000, 22000),
       (8, 4, 'SUN', '15:00:00', '22:00:00', 10800000000000, 270000, 17000),
       (9, 5, 'MON', '08:00:00', '17:00:00', 10800000000000, 230000, 14000),
       (10, 5, 'TUE', '16:00:00', '23:59:00', 10800000000000, 380000, 28000),
       (11, 6, 'WED', '09:30:00', '18:30:00', 10800000000000, 290000, 19000),
       (12, 6, 'THU', '13:30:00', '21:30:00', 10800000000000, 310000, 21000),
       (13, 7, 'FRI', '10:30:00', '19:30:00', 10800000000000, 260000, 16000),
       (14, 7, 'SAT', '12:30:00', '20:30:00', 10800000000000, 340000, 24000),
       (15, 8, 'SUN', '11:30:00', '20:30:00', 10800000000000, 330000, 23000),
       (16, 8, 'MON', '14:30:00', '22:30:00', 10800000000000, 300000, 20000),
       (17, 9, 'TUE', '09:30:00', '18:30:00', 10800000000000, 280000, 18000),
       (18, 9, 'WED', '13:30:00', '21:30:00', 10800000000000, 320000, 22000),
       (19, 10, 'THU', '10:30:00', '19:30:00', 10800000000000, 290000, 19000),
       (20, 10, 'FRI', '12:30:00', '20:30:00', 10800000000000, 350000, 25000),
       (21, 11, 'SAT', '11:30:00', '20:30:00', 10800000000000, 310000, 21000),
       (22, 11, 'SUN', '14:30:00', '22:30:00', 10800000000000, 270000, 17000),
       (23, 12, 'MON', '09:30:00', '18:30:00', 1080000000, 2800, 1800),
       (24, 12, 'TUE', '13:30:00', '21:30:00', 1080000000, 3200, 2200),
       (25, 13, 'WED', '10:30:00', '19:30:00', 1080000000, 2900, 1900),
       (26, 13, 'THU', '12:30:00', '20:30:00', 1080000000, 3500, 2500),
       (27, 14, 'FRI', '11:30:00', '20:30:00', 1080000000, 3100, 2100),
       (28, 14, 'SAT', '14:30:00', '22:30:00', 1080000000, 2700, 1700),
       (29, 15, 'SUN', '09:30:00', '18:30:00', 1080000000, 2800, 1800),
       (30, 15, 'MON', '13:30:00', '21:30:00', 1080000000, 3200, 2200),
       (31, 16, 'TUE', '10:30:00', '19:30:00', 1080000000, 2900, 1900),
       (32, 16, 'WED', '12:30:00', '20:30:00', 1080000000, 3500, 2500),
       (33, 17, 'THU', '11:30:00', '20:30:00', 1080000000, 3100, 2100),
       (34, 17, 'FRI', '14:30:00', '22:30:00', 1080000000, 2700, 1700),
       (35, 18, 'SAT', '09:30:00', '18:30:00', 1080000000, 2800, 1800),
       (36, 18, 'SUN', '13:30:00', '21:30:00', 1080000000, 3200, 2200),
       (37, 19, 'MON', '10:30:00', '19:30:00', 1080000000, 2900, 1900),
       (38, 19, 'TUE', '12:30:00', '20:30:00', 1080000000, 3500, 2500),
       (39, 20, 'WED', '11:30:00', '20:30:00', 1080000000, 3100, 2100),
       (40, 20, 'THU', '14:30:00', '22:30:00', 1080000000, 2700, 1700),
       (41, 21, 'FRI', '09:30:00', '18:30:00', 1080000000, 2800, 1800),
       (42, 21, 'SAT', '13:30:00', '21:30:00', 1080000000, 3200, 2200),
       (43, 22, 'SUN', '10:30:00', '19:30:00', 1080000000, 2900, 1900),
       (44, 22, 'MON', '12:30:00', '20:30:00', 1080000000, 3500, 2500),
       (45, 23, 'TUE', '11:30:00', '20:30:00', 1080000000, 3100, 2100),
       (46, 23, 'WED', '14:30:00', '22:30:00', 1080000000, 2700, 1700),
       (47, 24, 'THU', '09:30:00', '18:30:00', 1080000000, 2800, 1800),
       (48, 24, 'FRI', '13:30:00', '21:30:00', 1080000000, 3200, 2200),
       (49, 25, 'SAT', '10:30:00', '19:30:00', 1080000000, 2900, 1900),
       (50, 25, 'SUN', '12:30:00', '20:30:00', 1080000000, 3500, 2500),
       (51, 26, 'MON', '11:30:00', '20:30:00', 1080000000, 3100, 2100),
       (52, 26, 'TUE', '14:30:00', '22:30:00', 1080000000, 2700, 1700),
       (53, 27, 'WED', '09:30:00', '18:30:00', 1080000000, 2800, 1800),
       (54, 27, 'THU', '13:30:00', '21:30:00', 1080000000, 3200, 2200),
       (55, 28, 'FRI', '10:30:00', '19:30:00', 1080000000, 2900, 1900),
       (56, 28, 'SAT', '12:30:00', '20:30:00', 1080000000, 3500, 2500),
       (57, 29, 'SUN', '11:30:00', '20:30:00', 1080000000, 3100, 2100),
       (58, 29, 'MON', '14:30:00', '22:30:00', 1080000000, 2700, 1700),
       (59, 30, 'TUE', '09:30:00', '18:30:00', 1080000000, 2800, 1800),
       (60, 30, 'WED', '13:30:00', '21:30:00', 1080000000, 3200, 2200),
       (61, 31, 'THU', '10:30:00', '19:30:00', 1080000000, 2900, 1900),
       (62, 31, 'FRI', '12:30:00', '20:30:00', 1080000000, 3500, 2500),
       (63, 32, 'SAT', '11:30:00', '20:30:00', 1080000000, 3100, 2100),
       (64, 32, 'SUN', '14:30:00', '22:30:00', 1080000000, 2700, 1700),
       (65, 33, 'MON', '09:30:00', '18:30:00', 1080000000, 2800, 1800),
       (66, 33, 'TUE', '13:30:00', '21:30:00', 1080000000, 3200, 2200),
       (67, 34, 'WED', '10:30:00', '19:30:00', 1080000000, 2900, 1900),
       (68, 34, 'THU', '12:30:00', '20:30:00', 1080000000, 3500, 2500),
       (69, 35, 'FRI', '11:30:00', '20:30:00', 1080000000, 3100, 2100),
       (70, 35, 'SAT', '14:30:00', '22:30:00', 1080000000, 2700, 1700),
       (71, 36, 'SUN', '09:30:00', '18:30:00', 1080000000, 2800, 1800),
       (72, 36, 'MON', '13:30:00', '21:30:00', 1080000000, 3200, 2200),
       (73, 37, 'TUE', '10:30:00', '19:30:00', 1080000000, 2900, 1900),
       (74, 37, 'WED', '12:30:00', '20:30:00', 1080000000, 3500, 2500),
       (75, 38, 'THU', '11:30:00', '20:30:00', 1080000000, 3100, 2100),
       (76, 38, 'FRI', '14:30:00', '22:30:00', 1080000000, 2700, 1700),
       (77, 39, 'SAT', '09:30:00', '18:30:00', 1080000000, 2800, 1800),
       (78, 39, 'SUN', '13:30:00', '21:30:00', 1080000000, 3200, 2200),
       (79, 40, 'MON', '10:30:00', '19:30:00', 1080000000, 2900, 1900),
       (80, 40, 'TUE', '12:30:00', '20:30:00', 1080000000, 3500, 2500),
       (81, 41, 'WED', '11:30:00', '20:30:00', 1080000000, 3100, 2100),
       (82, 41, 'THU', '14:30:00', '22:30:00', 1080000000, 2700, 1700),
       (83, 42, 'FRI', '09:30:00', '18:30:00', 1080000000, 2800, 1800),
       (84, 42, 'SAT', '13:30:00', '21:30:00', 1080000000, 3200, 2200),
       (85, 43, 'SUN', '10:30:00', '19:30:00', 1080000000, 2900, 1900),
       (86, 43, 'MON', '12:30:00', '20:30:00', 1080000000, 3500, 2500),
       (87, 44, 'TUE', '11:30:00', '20:30:00', 1080000000, 3100, 2100),
       (88, 44, 'WED', '14:30:00', '22:30:00', 1080000000, 2700, 1700),
       (89, 45, 'THU', '09:30:00', '18:30:00', 1080000000, 2800, 1800),
       (90, 45, 'FRI', '13:30:00', '21:30:00', 1080000000, 3200, 2200),
       (91, 46, 'SAT', '10:30:00', '19:30:00', 1080000000, 2900, 1900),
       (92, 46, 'SUN', '12:30:00', '20:30:00', 1080000000, 3500, 2500),
       (93, 47, 'MON', '11:30:00', '20:30:00', 1080000000, 3100, 2100),
       (94, 47, 'TUE', '14:30:00', '22:30:00', 1080000000, 2700, 1700),
       (95, 48, 'WED', '09:30:00', '18:30:00', 1080000000, 2800, 1800),
       (96, 48, 'THU', '13:30:00', '21:30:00', 1080000000, 3200, 2200),
       (97, 49, 'FRI', '10:30:00', '19:30:00', 1080000000, 2900, 1900),
       (98, 49, 'SAT', '12:30:00', '20:30:00', 1080000000, 3500, 2500),
       (99, 50, 'SUN', '11:30:00', '20:30:00', 1080000000, 3100, 2100),
       (100, 50, 'MON', '14:30:00', '22:30:00', 1080000000, 2700, 1700);

INSERT INTO refund_policy (id, refund_policies_id, day_before, percent)
VALUES (1, 1, 604800000000000, 100),
       (2, 1, 604800000000000, 100),
       (3, 2, 604800000000000, 90),
       (4, 2, 432000000000000, 70),
       (5, 3, 604800000000000, 95),
       (6, 3, 432000000000000, 80),
       (7, 4, 604800000000000, 85),
       (8, 4, 432000000000000, 65),
       (9, 5, 604800000000000, 100),
       (10, 5, 432000000000000, 75),
       (11, 6, 604800000000000, 80),
       (12, 6, 432000000000000, 60),
       (13, 7, 604800000000000, 90),
       (14, 7, 432000000000000, 70),
       (15, 8, 604800000000000, 100),
       (16, 8, 432000000000000, 75),
       (17, 9, 604800000000000, 80),
       (18, 9, 432000000000000, 60),
       (19, 10, 604800000000000, 90),
       (20, 10, 432000000000000, 70),
       (21, 11, 604800000000000, 100),
       (22, 11, 432000000000000, 75),
       (23, 12, 604800000000000, 80),
       (24, 12, 432000000000000, 60),
       (25, 13, 6048000000000000, 90),
       (26, 13, 4320000000000000, 70),
       (27, 14, 6048000000000000, 100),
       (28, 14, 4320000000000000, 75),
       (29, 15, 6048000000000000, 80),
       (30, 15, 4320000000000000, 60),
       (31, 16, 6048000000000000, 90),
       (32, 16, 4320000000000000, 70),
       (33, 17, 6048000000000000, 100),
       (34, 17, 4320000000000000, 75),
       (35, 18, 6048000000000000, 80),
       (36, 18, 4320000000000000, 60),
       (37, 19, 6048000000000000, 90),
       (38, 19, 4320000000000000, 70),
       (39, 20, 6048000000000000, 100),
       (40, 20, 4320000000000000, 75),
       (41, 21, 6048000000000000, 80),
       (42, 21, 4320000000000000, 60),
       (43, 22, 6048000000000000, 90),
       (44, 22, 4320000000000000, 70),
       (45, 23, 6048000000000000, 100),
       (46, 23, 4320000000000000, 75),
       (47, 24, 6048000000000000, 80),
       (48, 24, 4320000000000000, 60),
       (49, 25, 6048000000000000, 90),
       (50, 25, 4320000000000000, 70),
       (51, 26, 6048000000000000, 100),
       (52, 26, 4320000000000000, 75),
       (53, 27, 6048000000000000, 80),
       (54, 27, 4320000000000000, 60),
       (55, 28, 6048000000000000, 90),
       (56, 28, 4320000000000000, 70),
       (57, 29, 6048000000000000, 100),
       (58, 29, 4320000000000000, 75),
       (59, 30, 6048000000000000, 80),
       (60, 30, 4320000000000000, 60),
       (61, 31, 6048000000000000, 90),
       (62, 31, 4320000000000000, 70),
       (63, 32, 6048000000000000, 100),
       (64, 32, 4320000000000000, 75),
       (65, 33, 6048000000000000, 80),
       (66, 33, 4320000000000000, 60),
       (67, 34, 6048000000000000, 90),
       (68, 34, 4320000000000000, 70),
       (69, 35, 6048000000000000, 100),
       (70, 35, 4320000000000000, 75),
       (71, 36, 6048000000000000, 80),
       (72, 36, 4320000000000000, 60),
       (73, 37, 6048000000000000, 90),
       (74, 37, 4320000000000000, 70),
       (75, 38, 6048000000000000, 1000),
       (76, 38, 4320000000000000, 750),
       (77, 39, 6048000000000000, 800),
       (78, 39, 4320000000000000, 600),
       (79, 40, 6048000000000000, 900),
       (80, 40, 4320000000000000, 700),
       (81, 41, 6048000000000000, 1000),
       (82, 41, 4320000000000000, 750),
       (83, 42, 6048000000000000, 800),
       (84, 42, 4320000000000000, 600),
       (85, 43, 6048000000000000, 900),
       (86, 43, 4320000000000000, 700),
       (87, 44, 6048000000000000, 1000),
       (88, 44, 4320000000000000, 750),
       (89, 45, 6048000000000000, 800),
       (90, 45, 4320000000000000, 600),
       (91, 46, 6048000000000000, 900),
       (92, 46, 4320000000000000, 700),
       (93, 47, 6048000000000000, 1000),
       (94, 47, 4320000000000000, 750),
       (95, 48, 6048000000000000, 800),
       (96, 48, 4320000000000000, 600),
       (97, 49, 6048000000000000, 900),
       (98, 49, 4320000000000000, 700),
       (99, 50, 6048000000000000, 1000),
       (100, 50, 432000000000000, 750);

INSERT INTO stage_liked_usernames (stage_id, liked_usernames)
VALUES (1, 'test'),
       (2, 'test'),
       (6, 'test'),
       (7, 'test'),
       (8, 'test'),
       (9, 'test'),
       (10, 'test'),
       (11, 'test'),
       (14, 'test'),
       (15, 'test'),
       (16, 'test'),
       (20, 'test'),
       (24, 'test'),
       (26, 'test'),
       (27, 'test'),
       (30, 'test'),
       (31, 'test'),
       (38, 'test'),
       (39, 'test'),
       (42, 'test'),
       (45, 'test'),
       (48, 'test'),
       (49, 'test'),
       (52, 'test'),
       (53, 'test'),
       (54, 'test'),
       (55, 'test'),
       (59, 'test'),
       (60, 'test'),
       (61, 'test'),
       (64, 'test'),
       (66, 'test'),
       (68, 'test'),
       (71, 'test'),
       (73, 'test'),
       (78, 'test'),
       (79, 'test'),
       (81, 'test'),
       (82, 'test'),
       (83, 'test'),
       (87, 'test'),
       (88, 'test'),
       (90, 'test'),
       (91, 'test'),
       (92, 'test'),
       (99, 'test');

-- post
INSERT INTO post (id, author, title, content, view_count, like_count, created_at, modified_at)
VALUES (1, 'test', '아티클', '내용', 10, 3, CURRENT_TIMESTAMP, CURRENT_TIMESTAMP);

INSERT INTO post_images (post_id, images)
VALUES (1, 'https://d3j0mzt56d6iv2.cloudfront.net/images/o/test/poster-1.png');

INSERT INTO post_liked_usernames (post_id, liked_usernames)
VALUES (1, 'test');

INSERT INTO post (id, author, title, content, view_count, like_count, created_at, modified_at)
VALUES (2, 'host', '아티클', '내용', 10, 3, CURRENT_TIMESTAMP, CURRENT_TIMESTAMP);

INSERT INTO post_images (post_id, images)
VALUES (2, 'https://d3j0mzt56d6iv2.cloudfront.net/images/o/test/poster-2.png');

INSERT INTO post_liked_usernames (post_id, liked_usernames)
VALUES (2, 'host');

-- chat
INSERT INTO chat (id, title)
VALUES (1, '채팅방');

INSERT INTO participant (id, participants_id, username, read_at)
VALUES (1, 1, 'test', CURRENT_TIMESTAMP),
       (2, 1, '호스트', CURRENT_TIMESTAMP);

INSERT INTO message (id, chat_id, type, username, content, created_at, modified_at)
VALUES (1, 1, 'NOTICE', 'SYSTEM', '채팅방이 생성되었습니다', CURRENT_TIMESTAMP, CURRENT_TIMESTAMP),
       (2, 1, 'TEXT', 'test', '메시지1', CURRENT_TIMESTAMP, CURRENT_TIMESTAMP),
       (3, 1, 'TEXT', '호스트', '메시지2', CURRENT_TIMESTAMP, CURRENT_TIMESTAMP),
       (4, 1, 'TEXT', 'test', '메시지3', CURRENT_TIMESTAMP, CURRENT_TIMESTAMP),
       (5, 1, 'TEXT', '호스트', '메시지4', CURRENT_TIMESTAMP, CURRENT_TIMESTAMP),
       (6, 1, 'TEXT', 'test', '메시지5', CURRENT_TIMESTAMP, CURRENT_TIMESTAMP),
       (7, 1, 'TEXT', '호스트', '메시지6', CURRENT_TIMESTAMP, CURRENT_TIMESTAMP),
       (8, 1, 'TEXT', 'test', '메시지7', CURRENT_TIMESTAMP, CURRENT_TIMESTAMP),
       (9, 1, 'TEXT', '호스트', '메시지8', CURRENT_TIMESTAMP, CURRENT_TIMESTAMP),
       (10, 1, 'TEXT', 'test', '메시지9', CURRENT_TIMESTAMP, CURRENT_TIMESTAMP),
       (11, 1, 'TEXT', '호스트', '메시지10', CURRENT_TIMESTAMP, CURRENT_TIMESTAMP);
